-11.390509,2.4598389,-8.157083,1.3244466,5.830897,0.016348908,-1.3769349,0.51702875,1.007587,0.9600746,6.8021264,-0.17767593,-3.1316547,2.622157,2.1316946,1.4
-11.105858,1.1397108,-9.000918,0.052547157,5.3338227,1.9211941,-1.781109,1.6951444,-0.67072564,4.473717,5.445775,-1.8960339,-0.7615304,2.370594,2.2183123,1.2
-10.860278,3.0159101,-7.3863306,0.5154194,3.3254442,0.29796508,-0.37942728,1.6057755,0.22552845,0.07045445,5.768497,-4.4324017,-3.0797715,-0.26150325,1.1561985,1.4
-10.433861,3.5226622,-7.3636155,0.696364,4.12294,1.0315003,-0.7664464,1.921914,0.7880126,1.8178846,4.8178577,-4.228362,-1.9727576,2.1666842,0.68840826,1.4
-10.067435,3.600653,-5.8866024,1.4675297,3.2706587,0.08470844,0.29104206,0.9338856,1.8893634,-0.34771073,5.655568,-4.982142,-2.4874136,2.4487321,-1.6473798,1.3
-9.851684,4.574749,-5.601837,1.8367733,3.8199832,-0.86401254,-0.4353806,0.98159367,1.6733347,0.8144875,6.2702107,-5.054171,-2.3045387,2.29871,0.48268613,1.4
-10.201532,4.104827,-5.8508887,1.561899,3.7466636,-0.37891448,-0.2216905,1.0934331,1.3993049,0.2834711,5.5179873,-4.9453683,-2.8896267,0.7625535,1.3316761,1.2
-10.151575,0.677781,-7.987913,0.94604945,5.4692364,-0.020934336,-2.827644,1.0083424,1.5165162,3.9923103,6.1804533,-2.5139515,0.021285824,2.217814,1.201287,1.3
-10.729939,3.7059836,-6.4637723,1.8455946,5.297969,0.99450916,-2.876336,0.7698906,1.1707338,2.6225972,6.8715353,-2.9395583,-1.2221258,3.3159614,1.1121181,1.1
-10.396251,3.631411,-5.86847,1.9536257,3.9973812,1.0188495,-2.0273726,0.052819602,1.0648235,2.0642765,6.976157,-3.3628497,-1.5313954,2.824723,-0.33016643,1.4
-13.12356,3.8707654,-8.851008,4.1864886,5.2891645,7.9567327,-1.6607779,3.2907925,-0.65022814,1.8529514,5.8161936,-0.63446474,-4.6381097,-1.719713,2.0454524,1.3
-13.009305,4.0072618,-9.70464,4.468546,4.53464,8.516458,-1.4127424,3.197741,0.2527266,0.8884488,7.2619066,-0.22559643,-5.142458,-2.3720696,0.69243944,1.3
-12.452252,2.7813408,-10.390964,5.050385,6.7513785,9.358068,-3.6341345,4.2158537,0.32720348,4.4458804,6.2066336,3.871939,-1.4441545,-0.099287085,0.31603587,1.5
-12.007612,4.1248307,-7.3074975,5.0791864,6.1319423,7.915872,-1.5583798,2.0243459,0.6052244,-0.1535916,5.4966025,0.70310557,-1.2488512,-0.97554266,-2.8315449,1.4
-12.757204,4.8342366,-6.8683167,4.850751,5.377339,6.8341064,-1.3909187,0.41093838,-0.36206055,0.23764981,3.232474,-0.5255124,-2.474773,-1.6700304,-0.43220198,1.7
-12.389409,6.12486,-6.117667,5.3700604,4.6236815,5.8199553,-0.44804376,-0.12546419,-0.023571568,-0.8946714,2.9446504,-1.6330658,-2.869208,-0.54039747,-0.61458814,1.7
-12.38994,5.223595,-6.2138844,5.46436,5.289792,6.8549433,-1.3050208,0.51779854,-0.26797396,0.27733356,2.8222795,-0.13417494,-1.2736651,-0.3744384,-0.9079018,1.1
-11.696676,6.2437096,-6.0132794,5.1632495,5.528484,6.7781625,-1.8717341,0.6934366,-0.07159856,-0.49699575,0.63013285,-0.35584393,-1.7220048,-0.8097139,0.16439255,1.5
-11.383377,3.8090775,-6.8832335,3.1133375,5.3556795,5.2864175,-2.2570364,-0.2592533,-0.3662178,-0.6855655,1.3153605,0.8827998,-0.470469,-0.29050744,0.2325825,1.1
-10.803074,4.568584,-5.939131,1.1779802,3.6733413,4.133429,-4.294273,-0.93100893,-0.80259883,-1.3018087,1.4832305,1.0610206,0.5406779,-0.24557751,-0.18295331,1.2
-11.221887,2.757978,-7.034424,0.8426767,4.5633965,5.343707,-3.5849562,-1.4849225,-1.7189091,-1.1051847,1.4988561,1.9908003,1.6801621,0.30641368,-0.2068426,1.5
-11.061999,3.64995,-6.3718786,-0.8843702,4.132948,6.0914216,-5.6424313,0.0660719,-2.0714753,-0.7583484,0.49189368,2.5205925,0.5297641,-0.7869543,-0.7465043,1.0
-9.980126,4.1145353,-4.2939215,-0.82122964,0.83874863,0.6031563,-4.103639,-1.8708535,-0.1523153,-1.4139647,2.2115672,-0.9357759,2.1025822,2.1023223,-1.4454353,1.6
-10.781806,5.7371125,-4.2073255,0.19655403,1.1707103,1.7321146,-4.2828445,-1.7571763,-0.38434446,-3.11341,1.6311765,-1.0109233,0.85365653,0.7065387,-1.3148355,1.4
-10.300447,5.9020214,-3.4555569,0.8124393,0.19648366,1.1836319,-4.6409035,-2.6957958,0.64498985,-3.9803362,1.8268071,-0.8302672,1.5128027,1.4003142,-3.156088,1.4
-10.158379,5.1679916,-3.5283976,0.24768677,-0.16875769,0.7743464,-5.1529865,-2.884647,-0.034478493,-3.270848,0.3168745,-0.29400775,2.1786442,1.0466741,-2.1437201,1.5
-10.271427,4.0755563,-4.0549097,-0.115019344,1.0333791,1.5574826,-5.8265486,-2.5934567,-0.46471986,-1.9414947,-0.10173038,0.82951826,2.7381551,1.9473671,-1.2864093,1.4
-10.000762,1.2484066,-5.0020866,-1.2528723,1.5608248,-0.013076863,-3.96987,-2.5892851,0.60197496,-2.1178346,1.8992289,1.1834433,3.9492857,1.9525837,-2.9080644,1.1
-9.642506,4.413334,-3.2609506,-0.3732641,0.060633875,-0.26080284,-5.2890434,-2.5738611,0.55860186,-2.2434332,-0.31876168,0.6536696,3.0866292,0.5095756,-1.6022396,1.4
-9.94732,5.3219404,-2.479187,-0.04058537,-0.78265077,0.20780936,-6.613077,-3.633121,-0.14383785,-1.3757924,-0.2747397,0.7885251,3.1207078,1.1646354,-0.59039974,1.2
-9.106431,2.9155927,-4.777484,-1.0119841,0.7622235,-0.48523343,-4.9553313,-4.7989244,-0.40024602,-1.6936575,0.41700312,1.3529252,5.489003,1.2753581,-1.8820703,1.7
-9.834044,4.063829,-3.179625,0.6368754,0.6936333,-0.38802236,-5.0768285,-3.5431702,1.129348,-3.0788505,-0.14930582,1.8703519,3.0526786,0.81018203,-2.202574,1.4
-10.052774,4.510512,-2.7771382,1.089928,-0.50472444,-0.581231,-4.865354,-4.5618057,0.62276644,-3.4907699,0.5594592,1.1984959,2.4886062,-0.31395194,-1.1984227,1.1
-9.715091,4.194591,-3.066509,0.44473618,-0.3663784,-0.5556903,-5.375778,-3.9316971,1.1313444,-3.2615411,0.25297976,1.4105219,2.649788,-0.18994135,-1.5993854,0.9
-9.910651,4.854342,-2.662487,0.9437732,-1.1867878,-0.88306993,-5.3411593,-3.622976,1.3739095,-3.384218,0.80647266,1.3207217,2.2119112,-0.49378997,-1.0164856,1.1
-10.289836,4.83249,-2.004137,1.0610867,-0.9582587,-0.9283866,-5.985049,-4.3726406,0.6563066,-3.0898538,0.03708724,1.894966,2.6497283,0.96864176,-0.4394334,1.4
-9.327169,3.3244228,-2.7685487,0.17687593,-0.8188058,-1.4089553,-4.8798423,-3.983911,1.321433,-1.6776289,0.5154741,1.2420846,2.6441603,0.8158198,-0.5374941,1.3
-7.698304,5.1148853,-0.2777724,-0.20035018,-0.1541469,-1.2646459,-6.003082,-2.3490047,2.1307628,-1.6630465,-1.9126401,0.78248626,3.5041456,0.47543523,-2.1253219,1.3
-9.150003,7.178078,-1.0019861,-0.6729544,-1.9569595,-2.20158,-4.4240093,-4.6769853,1.0083523,-5.2721405,-1.6148621,-1.8823069,2.275517,0.09442065,-0.55343854,1.2
-9.332338,4.536786,-1.9906564,-1.4712162,-2.0447023,-2.0693517,-4.324302,-3.8919084,1.236907,-4.2415295,-1.2396984,-0.87922406,1.9029114,-0.6856028,0.8240563,1.4
-9.39783,2.7431903,-3.253536,-1.1964788,-1.0049464,-2.353545,-3.1133912,-2.482312,1.5372622,-3.7200716,0.14348213,0.12894355,3.3019435,1.5031825,-1.3629787,1.5
-9.493186,2.780628,-2.6695483,0.17259426,-1.9926795,-1.7947029,-3.483726,-2.9524233,0.80020344,-2.2866979,-0.41191137,-0.65316755,1.2569087,-2.681351,-0.03826047,1.2
-6.377054,8.87211,4.1557984,2.5278382,-2.6678557,-2.426527,-4.06524,-4.174435,2.6642041,-7.4050546,-2.2541375,-4.3974733,1.0355728,-4.5637,-2.7464125,1.5
-9.598192,5.8952456,-1.4543759,1.6829573,-1.6684877,-1.7132311,-4.3926682,-4.438698,0.9846915,-2.1616876,-3.338301,0.14821853,-0.99054134,-1.8010051,2.3345625,1.4
-10.439658,2.8431692,-3.964772,0.92617065,-0.4482535,-2.2145457,-3.8726692,-3.6078544,0.43320587,0.8220164,-2.511911,1.4872799,1.4239184,-0.6486349,3.0197897,1.2
-11.380084,2.9904428,-4.1445203,0.8192786,-0.039766666,-1.1716025,-3.0503118,-4.2456,-0.7675864,0.21629214,-2.2598162,1.6230133,0.37039113,-1.6116128,3.8626468,1.2
-6.381821,4.0135236,1.2762265,-0.19879882,-1.8553574,-5.3069396,-0.35393217,-1.8380027,1.9471197,-2.6231494,-3.147888,-0.31330505,3.3260202,-2.8768528,-1.8951738,1.3
-7.240987,2.893048,-0.30247194,-0.8921177,-0.40243322,-3.807552,-3.1152966,-1.950141,0.12521239,0.85439974,-3.6575468,2.236058,3.8765466,-3.5335577,2.6076672,1.2
-11.189624,2.2388232,-3.866493,-0.30061576,-1.3232745,-2.608312,-2.176068,-3.9449537,-0.8349064,-0.080429286,-5.0325823,0.3390716,-1.4049281,-3.6240547,5.0337386,1.1
-11.599051,3.7724874,-3.3865023,0.13508324,-0.92402875,-1.4785671,-3.8734791,-3.8086712,-2.1491907,0.59807485,-6.7555394,0.0626668,-2.170114,-2.8167803,5.0742416,1.0
-12.190841,4.1702986,-3.154803,0.6689739,-0.48960894,-2.1081367,-2.7169855,-4.203727,-1.4864722,-1.7731624,-5.9142623,-0.064304106,-2.8926752,-3.7147093,5.0345984,1.2
-11.534141,3.3710437,-3.7435215,0.021349797,0.8527185,-1.9137832,-3.2709894,-2.0402198,-0.9620101,-0.9043752,-3.2828085,-0.11734779,-3.0012553,-1.0198526,3.6976137,1.4
-11.295802,2.9986532,-3.8060758,-0.45195082,-0.15533324,-1.5435297,-2.1481462,-2.5450585,-1.457594,-0.38004875,-3.5251362,-0.71475434,-2.6200564,-2.094768,5.1832576,1.2
-10.704374,0.92200834,-4.8684826,-1.5289586,0.75341433,-3.1313248,-1.675697,-2.4333131,-0.7524498,0.69901484,-4.1404476,-0.7277819,-1.2214344,0.17980674,3.143489,1.2
-11.351123,4.1374636,-2.741412,0.14758205,-0.50888705,-1.7830753,-2.4684381,-3.2737787,-0.90774167,-0.88736594,-5.2598376,-0.9806229,-3.6953847,-1.7313681,4.6241693,1.2
-10.536312,1.8320668,-4.5549765,-1.3437893,1.0943645,-3.0172849,-2.2255218,-2.3039281,-0.14183828,-0.019015132,-3.4898386,-0.8396681,-0.70431423,0.14183977,2.199637,1.4
-10.685389,0.46843237,-4.5199003,-2.087386,0.91812885,-2.8415382,-1.5234091,-2.935949,-0.41704193,0.6030519,-4.76827,-0.6560055,-0.578669,-0.7394886,3.794542,1.1
-8.666727,3.046764,-0.59778553,-0.46452588,1.4988374,-1.9619101,-2.6397963,-1.2456985,1.5912595,0.8181399,-6.1644835,-0.7159593,0.9266194,-0.19212586,2.3346913,1.3
-8.287975,3.7413623,-0.75263995,1.4585711,2.3719087,-2.3066645,-0.19971855,1.0333996,3.8795822,1.4288838,-5.238821,-4.083199,-0.016437968,0.718541,-0.16973604,1.8
-8.229947,2.9760647,-0.90102535,1.1131746,2.900132,-2.9050915,1.2943647,0.46342614,4.048256,0.4747477,-4.98439,-4.1987023,0.018290425,-0.018843336,-0.5973537,1.2
-8.750402,2.4628963,-1.385663,1.0670263,3.4675415,-2.5402455,0.94532174,1.0688679,3.8158748,0.8086364,-4.388437,-3.7009792,0.041557726,0.07827579,-0.48330554,1.7
-8.431324,1.4409981,-1.7808298,1.3607571,3.449069,-2.0415213,1.2988108,0.9637352,3.4544516,0.7502767,-4.0346184,-3.2291381,0.7593882,0.22927386,-1.2788309,1.8
-8.6107235,1.4925342,-1.3941997,1.4788557,3.6392136,-1.5391631,1.5724853,2.318935,3.4299436,1.0855573,-3.7537613,-3.170635,-0.416519,1.4437165,-1.2174827,1.6
-10.731942,-0.6239186,-5.3667006,-1.9089029,1.6456565,-2.4063208,-1.2085526,0.12099448,-0.6418732,-0.54134434,-3.1005335,-0.5799049,-0.95876664,0.09976175,0.17981204,1.6
-11.270478,-0.023221597,-4.545012,-1.2972523,0.97830606,-1.6669737,-2.2902572,-0.08269383,-1.4952521,0.93549013,-3.445624,-0.701871,-1.3321935,-0.69567364,2.0984554,1.1
-11.670179,-3.118709,-6.486963,-2.2554905,2.2510142,-2.0876079,-0.27752498,-0.37789688,-1.4953887,0.96155375,-2.7562108,0.4201011,0.35014212,0.13649157,1.2178557,1.3
-12.101403,0.59551233,-5.491825,-1.4149992,1.4309659,-2.118375,-0.5739782,1.6538997,-1.613651,-0.09301684,-2.9317877,0.25556293,-0.816809,0.0878072,0.17961052,1.3
-11.760271,-1.7450477,-6.393946,-2.3409445,2.4943728,-2.8874846,0.566651,1.1441162,-1.2879456,0.33557394,-3.3314478,0.3437385,-0.1059695,-0.071503304,-0.30497554,1.4
-11.466938,-1.175652,-5.8931994,-1.6483474,2.201404,-2.6974742,-0.11876677,1.2926003,-0.9960708,0.7868602,-3.454514,0.089765176,0.4619705,-0.34646332,-0.56924665,1.6
-13.771521,-1.7887752,-7.9707313,-0.24473014,3.4949224,2.7664382,0.65747285,2.209398,-3.093359,-0.74749964,-2.0303519,3.2581928,0.16806677,-3.800492,-1.0489575,1.8
-10.963676,-0.1832719,-5.0429645,-1.1844108,2.0642157,-4.3367643,1.2424808,0.026076067,0.5335729,-1.1345044,-2.7902613,0.8322115,-0.46615675,-0.7510089,-0.18135457,1.8
-12.171378,-2.024326,-6.056395,-1.9439224,1.12507,-2.6275673,0.41344678,0.2950558,-1.5381715,1.8606924,-2.038764,1.6527297,1.2442517,-0.49599788,2.0913634,1.5
-8.83366,0.5275132,-0.24859509,4.8225603,7.054271,-0.6033667,5.4804296,6.135794,5.038678,1.67443,-6.307101,-4.006156,0.28538677,-0.04879286,-4.801621,1.4
-9.266202,-1.0240438,-1.501202,1.8169332,6.031226,-2.0592759,2.493927,6.553673,4.2629023,0.25433302,-5.586223,-0.8027169,0.22526482,-1.2913308,-6.121053,1.3
-9.338982,-1.1672606,-1.8434075,3.1689343,5.9502788,-2.04199,3.9822752,4.4235473,4.372134,0.08205321,-3.5140603,-1.0795988,1.6588945,1.2506521,-7.7466774,1.4
-11.601739,-0.37550503,-4.3650446,-0.338961,2.4692929,-3.0143836,1.6847935,0.09120703,0.40492237,-2.1782212,-4.031842,1.1577696,0.41276005,0.32803524,-2.1986916,1.8
-10.131715,-0.76234704,-3.505344,-1.2845176,0.18737303,-5.237657,2.029807,0.16657344,1.736379,-2.510415,-1.9117017,-0.42706686,-0.7524945,-0.14513806,-1.0404626,1.5
-9.770144,-4.324454,-5.344121,-3.0152805,0.8242246,-7.000521,2.7333791,0.32676762,2.059507,-1.1968284,-1.3897109,-0.5533076,0.31220508,0.4358941,-1.4808528,1.4
-9.800144,-3.012191,-5.053386,-2.1276438,0.3559669,-5.7345486,1.9158419,0.9173044,1.6464559,0.42266944,-2.2475379,-0.7242578,0.5517294,0.45671856,-1.3924652,1.7
-10.328831,-2.4034703,-4.635333,-0.86320794,0.427461,-5.240104,2.2812614,1.7783921,1.1506119,0.62786734,-2.4025338,-0.6150122,0.5316415,0.11699121,-1.1298517,1.2
-10.600527,-3.6083763,-4.735185,-0.7052593,0.55966914,-4.525583,2.8610203,1.3344176,1.0545865,-0.20782234,-1.403516,1.2683164,0.60925204,-0.009285796,-0.7055177,1.0
-10.181049,-3.7012682,-5.180956,-0.7719671,1.4767566,-5.438213,3.006232,1.9291607,1.2973195,0.90838486,-2.6815052,0.84534967,1.2898839,0.876461,-1.4717296,1.6
-10.133999,-3.921631,-4.9025636,-2.0086634,1.3237783,-5.6817265,1.9232742,1.7684587,0.77915865,1.8769433,-2.8413405,1.3258811,1.5183867,0.52395546,-0.10993951,1.6
-10.722858,-3.6345074,-5.345867,-1.6902616,-0.5829183,-2.8837042,1.9888124,2.4666378,-1.5027566,3.742231,-3.9651146,-2.987443,1.7419388,-0.50362504,-2.757547,1.8
-10.732742,-3.3872225,-5.3840475,-1.0174813,0.8774091,-3.8455276,3.1904001,2.2198315,-0.14311354,0.8976954,-2.880261,-0.35035947,0.9337815,-0.06486952,-2.3370082,1.2
-12.612665,-3.6753254,-5.8939886,1.1255258,1.4603333,1.6295296,3.5724764,3.2964528,-1.4837531,-0.5182047,-2.1026833,2.3074136,0.91428685,-2.419313,-3.697097,1.5
-11.355146,-5.2895737,-4.5656366,-1.8419816,-1.8551065,-2.569022,1.3276676,2.4429884,-2.0702946,5.606292,-1.4317564,-1.5270531,2.392888,-1.2375975,0.4903057,1.0
-11.088024,-3.8193746,-3.0936239,-0.84754956,-0.76654124,-4.34208,3.062339,1.4690541,0.8158636,1.0536233,-0.91594523,1.1097624,-0.50591177,-0.3201738,0.19961792,1.2
-11.035938,-2.6940703,-2.9665844,-1.406763,-2.9652557,-3.0275671,3.9088218,3.7845583,-2.319035,3.7105317,0.25070673,-0.62479305,1.9420493,-1.0671614,-0.7888579,1.2
-11.5427685,-4.5617414,-4.0675282,-2.8617175,-3.9029047,-0.35439765,3.0864246,5.641091,-4.844717,7.6015515,-0.3950768,-2.029583,3.9459486,-1.0768948,0.026457222,1.0
-10.587779,-3.968714,-2.7390962,-1.5252244,-1.51706,-6.214749,5.6721597,3.1452165,1.2813144,-0.58951724,1.2840785,1.6886718,0.0444397,0.095342904,-1.1996329,1.6
-10.826123,-3.1657913,-2.1965203,-1.1829439,-1.8487746,-4.1455164,4.584458,3.5125573,-0.69219273,1.9523425,0.7592809,1.9049779,1.0606319,0.2459205,-0.22032398,1.1
-10.195975,-2.3141348,-1.5529847,-1.3376349,-1.4427549,-6.953619,5.4110045,3.2571676,2.1311333,-2.1072843,1.7177082,2.2751322,-1.8355278,-1.0494813,-0.47504196,1.4
-10.13734,-3.80081,-2.9221573,-1.9867442,-1.0653932,-4.3327484,3.9890687,3.3955371,-0.34375516,2.33552,1.3529862,2.055698,1.5679427,-0.060982253,-0.32270056,1.3
-10.768913,-2.5100164,-2.6799705,-1.4164972,-2.3958778,-3.842571,4.314592,3.6997128,-1.5495628,2.215087,1.1358947,0.07160782,1.1696193,-0.9636779,-0.11624573,1.3
-10.491352,-1.5920495,-2.4798357,-0.76997304,-1.2650882,-4.864702,3.951579,3.3486166,-0.418572,1.368454,1.2744253,1.0117769,0.9969386,-0.73876005,0.14415438,1.1
-10.78342,-2.093839,-2.557396,-2.0911582,-3.5245857,-3.3494186,4.5307393,3.5655642,-2.7719324,2.9374206,-0.09785574,-3.3381517,1.9334084,-2.4218585,-0.6497855,1.2
-10.922871,-0.62611693,-2.808107,-0.9104552,-2.3298852,-1.9133787,2.3793933,4.4375396,-3.2152917,4.910989,-0.0020130018,-1.3866785,2.3011513,-1.8830694,1.6053779,1.2
-10.357373,-0.9207005,-1.7496063,-0.27112564,-1.6953074,-5.2127123,4.986932,2.5945024,0.7007988,-0.5739891,1.4201415,0.6992209,-0.04576397,-0.3330647,-0.9445489,1.2
-10.851183,-1.6682496,-1.8333007,-0.23088863,-1.6261836,-5.4758005,4.4523187,2.7148564,0.81851673,-1.0197235,1.82606,2.2843606,-0.11404199,0.07441393,-0.47039402,1.3
-10.110133,-2.5349796,-1.856556,-0.70910203,-1.0700628,-7.2947555,5.6297946,2.430854,2.2196825,-2.0588458,1.6097876,1.9549104,-0.71917605,0.27653345,-1.2217975,1.8
-10.185258,0.059528083,-0.4034771,-0.3494727,-2.9594157,-4.451071,3.6528327,3.669277,-0.18308951,0.36264932,0.2980785,-0.51014435,-0.3392721,-1.1013316,-0.23527643,1.2
-10.050963,-0.016946742,-0.23647647,-0.21822397,-3.7343514,-4.242376,4.6694546,4.010397,0.12227673,-0.1349978,0.49902603,-1.1152471,-1.152914,-0.94502974,-1.392053,1.3
-10.309092,-3.6814458,-2.3958998,-1.4341438,-2.5113535,-4.243835,4.836229,3.1830823,-0.25202146,1.7713627,0.8651818,0.50890476,0.71319604,-0.36793756,-0.19294648,1.1
-10.09626,-2.495347,-0.7679677,-1.2098353,-2.5633953,-4.8004746,3.7323234,2.9235878,1.0915493,-0.11003328,1.7843316,2.5233462,-0.18025385,-1.1261688,0.57562184,1.4
-10.407275,-3.238498,-1.4279463,-1.221962,-2.2439675,-4.717555,3.964194,1.8752909,0.5881841,0.91642976,2.099224,2.549973,0.70530194,0.041986283,1.3430306,1.3
-10.013292,-1.5304432,-0.0075114686,-0.54511064,-2.0740182,-6.4204507,4.668219,1.1823128,2.5408838,-2.3725014,1.4256078,3.171807,-1.5566754,-0.41725418,1.1581306,1.7
-10.578999,-1.1244,-0.48041567,-0.5085054,-3.7789297,-3.1287563,3.4655604,3.4387398,-0.12022357,0.5119417,1.1688671,0.5958627,0.20521754,-1.0938581,-0.7889647,1.7
-10.566144,0.6576148,0.7829462,0.44871837,-3.5336206,-5.506766,3.9551413,2.0172338,1.212496,-1.5912596,1.5583723,2.2514641,-2.0809588,-0.27936003,1.0658911,1.3
-11.024265,-1.7296194,-1.0124098,-0.91758037,-4.874264,-2.4110494,3.3911068,2.9504733,-1.7212284,2.6771338,1.4361217,-1.2663312,0.6438004,-1.3924361,-0.5734599,1.3
-11.157142,0.14921692,-0.14149179,0.042780414,-4.588483,-1.4540937,3.0854838,3.0221295,-2.3185046,2.4850214,0.61971664,-1.4760826,0.36561888,-0.9483606,-0.33495426,1.2
-9.840011,1.2620652,3.4936898,0.12331311,-5.070933,-2.006686,2.3816137,-0.7953614,-0.93622535,0.5759115,3.0084515,0.87771773,-0.23582919,0.20069498,1.6368655,1.4
-9.50735,-3.1172822,2.1292195,-0.7535979,-1.3376179,-2.7449055,2.778671,-0.4477909,0.7143411,0.05115358,3.420142,5.54306,0.32353675,1.0150391,2.771865,1.2
-10.204711,-0.43514022,2.8761103,-0.47684646,-4.9973993,0.64289385,1.8095558,0.9087464,-3.0684764,3.789455,2.0251806,0.5963667,1.9413258,0.34888852,1.7063743,1.6
-9.863885,0.10052148,4.168551,0.7173514,-2.0698397,-3.0707471,2.7448936,-1.5491723,1.4261476,-1.6052157,3.6610925,5.0118036,-2.3076963,1.6141609,4.111811,1.3
-10.268856,1.414835,4.696702,0.1871959,-3.2954743,-1.283507,3.3903825,-1.4751674,-1.1190886,-1.8238991,1.9474963,1.6770854,-2.0903177,-1.2166725,2.9268835,1.2
-10.342773,0.72237915,3.2691395,-0.07202561,-4.5731106,0.8922534,2.6897442,-0.17500083,-2.8956656,3.4908597,1.9645803,-0.31968254,-0.5027053,0.56401765,1.4385989,1.2
-10.102512,2.8702433,5.1578445,1.1646429,-4.1188936,-1.6036276,1.5946951,-0.49691045,0.012910565,-0.8280198,2.4849243,3.2548268,-3.540364,0.73532057,3.8933191,1.2
-10.016404,-0.5133391,3.7072682,-0.12074911,-3.6014936,-0.697582,2.1999512,-0.8586283,-0.4049806,0.95222926,2.2095392,3.2097988,-1.2133423,1.4382168,2.0364778,1.1
-10.265889,0.19240671,3.7030034,0.661193,-4.468715,-1.9234251,2.3221283,-0.7587256,-0.1226323,0.50839084,0.9547538,3.3394306,-2.6031036,0.12301336,3.157231,1.1
-10.323908,0.3310344,3.9811282,0.60587525,-5.5273647,0.5293465,2.2563055,-0.011978758,-1.803261,1.6119418,0.9412846,1.7705237,-0.63582206,0.34548387,1.7633469,1.6
-10.3497,1.6168007,5.149458,0.9647859,-7.50641,2.6164198,2.118205,-0.50863034,-3.3339257,2.3123434,0.33123645,-0.5334877,-0.7586736,-0.58934975,1.6159958,1.1
-9.704435,0.5940064,4.9427733,0.90950507,-5.5255566,-1.4045393,2.6220376,-1.3453684,0.14524107,-0.44308835,1.8379935,4.101525,-1.6024475,0.5709405,1.9866723,1.2
-9.530521,1.3671209,5.1884475,1.4718449,-5.8176994,-0.3031679,2.513212,-1.997105,-0.41072255,-0.25288895,1.6508727,2.8671503,-1.1074578,0.6130454,1.3655336,1.2
-9.930089,0.38012612,4.708049,0.5374677,-6.7346,0.41011178,2.0092583,-0.86022997,-1.4512897,1.2234921,1.8657172,1.7504379,-1.0390164,-0.059972093,1.4763811,1.3
-9.926985,0.9412854,5.7239366,1.7272459,-6.8965344,0.7266202,1.6358815,-1.5752239,-0.8679964,0.67657644,1.2932857,1.9440813,-1.4270048,0.7670838,1.3597629,1.1
-9.972535,1.204523,5.5918555,1.6062093,-7.00139,1.0913459,1.0678308,-1.0624791,-1.238895,1.9703358,0.5586655,1.2248538,-1.01321,0.050440695,1.5840758,1.1
-10.338837,1.776121,5.702275,2.3478246,-6.271516,1.2309798,2.1465075,-1.3372139,-0.1475302,-1.1553192,1.6079708,1.8992821,-2.4946787,0.5480922,0.48577824,1.1
-10.667252,1.3506924,5.2932878,2.3701947,-6.7375154,3.4847026,0.1682824,-0.7213676,-1.3000462,2.071913,0.41642788,0.83897537,-1.1901975,0.76905906,-0.15007171,0.9
-10.2217,1.1910722,5.6927557,2.2337642,-6.2482843,1.9157817,1.1469861,-0.6674702,-1.0383126,1.4909896,1.1269935,1.8742722,-0.45464185,1.4989966,0.21465604,1.4
-11.065327,-0.04027936,4.5499663,2.0316997,-7.8882475,5.058769,0.114933155,-0.18304156,-3.221719,3.868078,0.70412064,-0.49131763,1.2903198,0.7644359,-2.3023505,1.6
-10.756542,2.2764378,6.6591024,3.742945,-6.6955338,2.705111,0.8255514,-1.2704623,-0.43480414,-0.08109868,0.5130185,0.84703004,-0.47432634,1.272676,-1.0465432,1.5
-10.388796,4.08875,7.577591,3.9789734,-7.065744,2.7438018,1.3648114,-1.2355775,-0.27228445,-0.97596073,0.24519482,-0.70808566,-1.581448,1.0080942,-1.0828602,1.3
-10.399414,-0.7518888,5.1469264,2.0836349,-6.5014124,2.7085724,1.4027694,-1.3360184,-1.0761651,1.7201262,0.4413843,0.04424129,1.5808944,1.9991283,-2.3911076,1.3
-10.785099,1.2488623,6.2663245,2.8001304,-7.2663503,4.15398,0.43162096,-0.42815635,-1.5955716,1.3848003,0.42567652,-0.56421435,0.6194618,1.117335,-2.5767665,1.8
-10.689018,2.3034232,7.687874,3.7321458,-6.0761333,1.5437287,1.4628102,-2.8350968,1.3676823,-3.0867326,1.70609,2.612738,-2.5811374,1.7662345,-1.3053123,1.5
-10.919231,-1.0480503,5.094555,2.1898365,-6.4885144,4.2868667,0.87028044,-1.4755384,-1.7828114,2.3688688,0.93051285,0.69266164,1.4535016,2.1186478,-2.8089786,1.5
-10.381633,-0.113991,6.1621747,2.4788265,-5.7562475,2.655501,0.82695895,-1.6839554,0.28307626,0.6643184,1.2926502,2.6301296,0.23769654,3.3769038,-2.6625319,1.7
-10.013041,0.15599109,6.803505,2.510955,-5.342742,1.0245261,1.1248004,-2.015685,1.5915258,-1.9297874,1.1926664,2.4260104,-1.7131667,1.8324671,-2.1516569,0.8
-10.764391,0.46303096,6.2448945,2.4842148,-6.4746213,3.9812722,1.2190534,-1.3074613,-1.4741888,1.2191117,-0.5945543,-0.4485379,-0.1479243,1.0365351,-1.8815112,1.4
-9.976364,1.4500285,7.5275254,2.694992,-4.638251,1.1901385,0.2254963,-1.8552018,1.8082768,-1.9661335,0.52634805,3.3877537,-1.4044201,2.3300874,-0.9887864,1.0
-11.90531,0.7804159,5.3997803,3.8962793,-4.6995554,8.683862,0.14873186,-1.1342376,-2.5408332,-0.4879681,-2.0742707,3.9983604,-1.2640377,-3.7045808,-1.1234076,0.2
-9.874933,3.0217922,8.209879,3.5573714,-6.001241,1.8611999,0.97813815,-2.083324,1.1131395,-3.5555189,-0.0678743,0.17064747,-3.1611533,-0.07974158,-1.7132561,1.5
-9.948478,0.9926216,6.8201694,2.6763823,-5.6768436,2.303649,0.85464627,-1.8105545,0.18685788,-0.50821996,0.63687056,0.87749827,-0.88962084,1.7461545,-1.6754273,1.5
-10.722054,0.74997044,5.470999,2.1430871,-7.165161,5.826201,0.2336642,0.52066195,-2.842112,2.5771172,0.087178595,-2.1129334,-0.3379011,0.89689356,-2.3935802,1.2
-10.467643,1.4310884,6.256055,2.6489265,-5.8829355,4.1993194,-0.1719009,0.08571352,-0.76883143,0.019796716,0.350739,-0.46433124,-1.8565382,1.5103338,-1.7570279,1.5
-11.179564,-0.046243325,5.427758,2.330599,-6.348267,6.1386933,0.85449153,0.1181847,-3.1754444,2.1502051,-0.21110691,-2.5313833,0.112851895,1.6790937,-2.0195634,1.2
-7.75879,1.1576878,7.297644,1.4205518,-2.291039,2.8326464,0.479535,-0.20453593,1.2703667,-0.43988937,-0.73928964,-0.53951967,0.30094358,3.243793,-3.253574,1.4
-8.250829,3.2371495,8.822351,2.7501311,-3.9984376,5.363189,-0.5680011,0.6305482,-0.32895926,0.51433766,-1.560962,-2.6040387,1.0209565,1.7153883,-3.4807603,1.8
-7.708856,3.545405,9.535213,2.76476,-3.1571305,3.3746104,-0.21254452,0.58591557,2.0947948,-1.5095094,-0.4594306,-1.1180385,0.23600167,2.875036,-3.9849598,1.1
-8.562383,3.8339326,9.74669,3.051789,-3.795821,7.389214,-0.6293484,0.47755203,-0.17189701,-0.9837531,-1.2676214,-3.812278,1.3299526,-0.24756625,-2.912914,1.8
-8.790344,2.3000846,7.9146223,2.7135956,0.22325437,8.458779,-0.075022735,1.1284183,1.9147743,-3.3671806,-2.2902207,1.4541607,0.18927024,-0.83019876,-2.7444112,1.3
-9.2358,0.94009465,7.819661,2.9230738,-0.41375294,7.232456,0.5287239,-0.45943564,1.5606645,-5.380401,-1.2334533,1.0570685,-0.6729735,-2.386346,-2.7139266,1.8
-9.337751,2.5543153,12.105601,10.554142,9.356239,17.36126,13.2596,9.560357,22.083567,-7.11947,-0.27755076,-3.1930974,19.929367,2.9128356,15.706916,1.4
-8.150315,2.773386,10.617095,3.257728,1.1530786,6.4273596,1.8122296,-0.30166063,3.1583219,-3.3323963,-2.7166383,-1.3598822,-2.199435,-1.9828438,-0.37516502,1.4
-7.380875,2.1708515,10.282196,-0.8167414,-3.840647,2.8156083,-2.809864,-1.8046392,-0.6829352,1.4538518,-2.9938684,-5.6164885,0.67489094,-3.0030735,2.441727,1.3
-7.173047,-0.6485129,8.943874,-2.0732365,-1.7919337,1.7398778,-2.6302235,-1.9603211,0.26218027,2.032492,-0.93894386,-2.8154738,2.9987228,1.2359903,2.1515782,1.4
-7.7638087,1.3490888,9.525745,-1.3731595,-1.7750727,3.7209923,-2.739254,-1.0744815,-1.4957596,1.6047539,-2.5209432,-3.875765,1.1853356,0.17696026,2.5157013,1.1
-7.6976147,-1.292564,8.192243,-2.1691997,-0.9249717,2.129467,-2.1810708,-1.5408233,-1.3188875,2.0092432,-1.9883136,-3.8047006,1.6030381,-0.003803843,2.4133356,1.2
-7.3429985,-4.3940735,6.320495,-3.4396036,-0.57109207,1.6312344,-1.3633285,-1.6719398,-1.2476944,3.580962,-2.3438864,-2.5285113,3.5537374,0.8818248,2.144341,1.0
-2.4899073,-11.8058815,7.321036,-4.57358,7.7541494,-2.804531,-0.46655226,-1.6194377,2.4297743,-0.9546446,2.1509867,3.327482,-1.6203936,0.88976705,0.32844087,1.3
-3.8287015,-9.752527,6.5270996,-4.600029,3.291261,4.9267373,-2.4176347,1.860477,-4.8643203,5.3868794,-0.44493315,-4.7022524,0.47348323,-2.5942748,0.42134362,1.2
-2.6214662,-10.636021,8.458256,-5.874538,5.759828,1.0991282,-1.3826805,0.22594428,-1.9715337,1.1001226,1.4124094,-2.446943,-0.5183778,0.27714708,-0.57239574,1.1
-2.491803,-11.286189,6.9326515,-5.903615,4.8708487,1.9225333,-1.629238,1.1314752,-1.4149469,2.1240838,1.1844012,-1.9055691,0.51678014,0.97962105,-1.4753289,1.0
-2.0465183,-10.315082,7.9407454,-5.516158,6.495753,-0.88872105,-0.9972801,0.35447448,1.0540771,-0.94717973,1.4909762,0.5853522,-1.370199,2.053357,-1.6331539,1.0
-2.6124158,-12.026028,7.22517,-5.5686154,5.0651097,-0.7070373,-1.4253292,-0.15203023,-0.76963484,1.1332368,1.8445449,-1.2551194,0.32552254,0.13895147,-0.35562488,1.5
-2.4274013,-12.64047,6.7984414,-5.8280087,5.8118854,-0.21644337,-1.8654068,0.12507278,-0.22949666,2.4730713,1.289329,0.060053304,0.22256064,1.0373595,0.41002655,0.6
-2.0830328,-11.732735,7.5602074,-5.283569,5.9037666,-2.4409697,-1.6267049,-0.8562222,1.5197287,-0.19606681,1.4095004,1.2653613,-1.0299588,0.9496595,0.9561186,1.0
-2.8225935,-10.834513,7.1229506,-4.73832,5.927477,0.16750139,-1.5622797,0.01792177,0.13972203,0.8160898,0.8952668,0.44709763,-0.71915555,1.48528,-1.0805837,1.1
-2.4435544,-11.086752,7.2958255,-4.991975,6.6824427,0.4501604,-2.712201,0.7060683,-0.25285962,2.1348848,0.08934469,1.1230141,-0.53090644,1.2882905,-0.039017037,1.0
-2.592004,-10.845846,8.464851,-5.2079105,8.222138,-1.2575392,-1.9369115,-0.072047874,0.96739864,-1.3764371,0.8402805,1.5205516,-1.5336704,0.63485354,0.83229905,0.9
-2.4944143,-11.114706,7.4266095,-4.9676666,7.030335,-1.6463076,-1.4096615,-0.48755965,1.008607,-0.55664945,0.644416,0.89372516,-3.0580583,0.91234314,0.18966785,0.9
-2.2049582,-9.989868,8.256289,-4.6207495,7.1952486,-2.1778286,-1.2831203,0.176908,1.8020691,-0.9431303,1.134178,1.4717536,-2.4334219,2.0301158,0.093149856,1.7
-2.4893887,-9.547854,8.448487,-4.170875,5.7591944,-0.1389294,-1.2811842,0.6428796,-0.77165073,1.8129072,-0.79649764,-1.296762,-0.77035403,1.0829338,-0.3830041,1.2
-1.6584378,-9.991184,9.028743,-5.1443677,5.6721215,-0.795173,-1.2726998,-0.68309885,-0.1767476,-0.19569153,0.33378217,-1.3544973,-1.6178644,0.4453934,0.4667713,1.0
-1.3702801,-9.34003,9.525519,-4.692978,5.471487,-1.2992816,-0.65843654,-0.6363633,0.38441738,-1.2557571,0.7750869,-1.6467227,-2.4209807,0.3789211,0.19575693,1.1
-1.7089913,-12.22249,7.864339,-7.026872,4.756822,-0.100601114,-2.8470898,-0.9993771,-2.0347984,2.5458026,0.7169126,-1.3602855,-0.51398987,0.0010053817,1.5290775,1.0
-0.98825437,-12.0999565,8.233185,-5.824,5.6767964,-2.0679207,-0.6624102,-0.9555975,1.6879346,-0.8080906,1.056486,-0.81965333,-1.2814444,0.8520147,-0.25230822,1.1
-1.4835997,-10.974636,9.235074,-6.081502,5.7032833,-2.565406,-3.22262,-1.6395578,-0.179608,0.81128114,1.3225535,1.7689667,0.18888243,0.23809822,1.7653015,0.5
-1.2705847,-8.890497,10.030733,-3.4459553,5.7375903,-2.7023256,-1.3895662,-0.7597625,0.58421576,-1.4343553,1.0135442,-0.3542884,-2.3207738,-1.655839,0.7815454,1.3
-1.5796391,-8.866667,9.206602,-5.4366174,3.483697,0.47942612,-2.7375271,0.4848292,-1.1616066,0.03978066,1.1934171,-3.2729485,-1.3881601,-2.527235,1.3861853,1.2
-0.85707146,-10.48176,8.835801,-5.176041,5.5623884,-1.9834269,-1.4827037,-0.959453,1.6760898,-1.0988876,1.2147329,-0.45114374,-0.7226996,-0.22877891,0.47653213,1.4
-1.0810717,-10.238074,8.624327,-6.9998302,4.2153206,-1.4134117,-3.2658901,-1.905094,-0.7301839,-2.2964535,2.2438843,-0.30878133,-0.97000784,-1.526357,-0.4048387,1.0
-1.109565,-12.044665,7.208263,-7.953843,4.57425,0.9784094,-4.013481,-1.0443,-2.3728871,0.19196098,1.7726228,-0.5305091,0.78469616,-3.379067,-0.49841082,1.0
-2.040803,-9.959669,8.693703,-4.4667573,6.527589,2.692026,-3.3019779,-0.37073416,-1.3613086,-1.7648909,-0.7662725,1.2338709,-0.56683946,-5.0385823,0.54075724,0.4
-1.885057,-9.598583,8.431549,-3.8193562,7.8187532,0.86391675,-3.02432,-0.9742179,-1.2567314,-2.2585802,0.0440362,2.1020799,-1.2477602,-5.081583,0.093273446,1.1
-2.5436265,-10.202041,6.8723483,-3.4318323,6.9629245,5.221089,-3.2251296,1.3536171,-3.845404,1.8065778,0.066859365,0.555099,1.5782546,-2.883557,-1.0848894,1.1
-1.5710635,-13.332684,8.632331,5.9596963,10.114246,0.24877407,0.8770816,3.302767,-8.364826,-5.5437436,-2.007259,-1.4950942,1.5655608,-1.577685,-5.495231,1.1
8.3189125,5.790665,0.46015963,7.2975554,10.179423,4.647651,7.4165673,2.6757505,-9.092664,-3.090953,-2.9472654,3.015637,2.071135,-4.456023,-2.5325813,1.3
9.034004,6.9051065,1.1604162,5.7319956,9.321496,4.8278556,5.188704,1.8517337,-10.295979,-3.8043282,-2.732744,4.219564,2.0807376,-5.2971377,-1.037256,0.9
9.87702,7.8690324,0.74204975,6.332499,9.411661,5.054605,4.9810104,2.6462264,-9.748817,-1.3851132,-3.2236938,4.8584313,2.73686,-5.4632916,-1.041299,1.3
9.662025,10.936451,2.2849069,4.1600776,6.7454205,4.309593,3.939878,0.8997855,-4.210453,0.44705734,-0.086756825,5.0640235,0.48762223,-5.093312,0.6211791,1.5
12.445058,10.555446,2.9379928,1.1201109,4.2496834,-2.1515522,3.7374835,-0.2180335,-1.1583271,2.0033169,1.7269366,0.3603249,1.6959014,-0.6141888,-0.88178426,1.5
12.862084,11.187755,4.1378703,1.7471434,3.201464,-1.9418607,4.0487843,-0.86800563,-1.2797221,1.649274,1.3639522,-0.27581087,0.22011924,-1.3014234,-1.1043111,0.7
13.282452,6.8275065,1.7945638,-1.6550267,4.586656,-3.6831043,1.8490616,-2.200291,-1.9108669,3.5691447,2.2454488,1.6417366,4.487818,0.11995333,-1.6498332,0.7
13.090659,9.247753,2.0190768,-0.2471453,4.9850006,-2.4071147,2.4927688,-1.8446227,-1.1276349,3.937961,1.3556709,1.9712573,4.2347784,0.5214677,-1.3927389,1.2
13.589303,13.477961,4.5529795,0.63545495,2.9452102,-3.1161208,1.7428397,-1.9554734,-1.0608202,1.5462428,1.5570883,1.8273733,1.8627045,0.42952132,-2.300425,1.0
12.772562,10.725174,2.4978428,-0.9894332,2.8265078,-2.8449779,1.9649137,-2.1773262,-1.7383755,1.2927058,2.568886,1.2143562,1.9235264,0.7293774,-2.5151632,1.4
13.01787,12.030984,2.9801917,-0.7441802,2.4285216,-1.9712125,2.03715,-1.9783076,-1.9159236,-0.24174462,2.1376038,-0.42188036,1.6422975,-0.7776722,-1.6480528,1.1
12.760947,11.644819,3.092643,-0.6021962,3.214146,-3.1434617,0.6652672,-2.4525163,-1.408636,1.7391436,2.4314044,1.0120531,2.089445,0.25081185,-0.90121573,1.3
12.847023,8.860963,1.8536863,-1.7296605,3.9359825,-3.5024688,1.1441683,-2.1839318,-0.8911842,1.3376526,2.5299797,1.5608557,3.8001854,1.390838,-2.3987098,1.4
13.2341585,11.274176,3.1517045,-1.2678931,2.257004,-3.8690672,1.7701609,-3.4693418,-0.98251855,-0.36946228,2.7213156,0.70869505,1.6959279,0.029336466,-2.7749727,1.2
13.500144,11.714039,3.421253,-0.79771507,3.111207,-3.9466515,0.4380351,-2.2429495,-0.6506989,1.222535,1.870132,2.2466085,3.0464888,1.1668444,-2.6840487,1.3
12.860979,10.822056,2.5286536,-2.1697023,1.927282,-2.936539,0.052351512,-2.5040305,-2.8496966,1.2001815,2.016395,1.6220872,3.01242,0.72500885,-2.7378545,1.4
13.070633,9.406945,2.2942073,-2.633284,3.2214577,-4.087262,-0.54859084,-2.726992,-1.9356952,1.919238,2.3004901,3.8271203,3.993061,2.540062,-1.5514963,1.4
12.641608,9.479471,1.9912095,-1.6699474,2.2289066,-2.6012084,-1.1900644,-1.3312908,-3.6209838,3.4003088,2.5161648,4.5506034,4.270491,0.7302442,-0.189079,1.3
12.686852,7.7479243,1.4029127,-2.0885894,3.4465134,-2.028282,0.6106496,-2.056597,-2.0399659,3.0416167,2.3336856,3.8154316,3.8590539,0.31999853,-0.35911363,1.1
12.814541,10.685431,3.1420138,-0.7401525,2.6551728,-3.5785258,-1.1463364,-1.8452652,-0.9558092,2.635266,1.6021594,5.624874,3.0750284,-0.011090282,0.76943374,1.4
12.364463,10.9457445,3.0305219,2.266457,3.0286694,-1.352913,1.6723151,-0.86098164,-0.89585805,2.6556022,1.5013905,1.379788,2.171299,-2.2155771,0.7745123,1.0
10.510817,14.277835,3.8077233,4.2534285,4.874115,1.7900683,3.1444483,-0.4985235,-1.5786515,-0.612231,-2.286883,4.8464637,-1.9579976,-5.0750785,2.1675842,1.0
12.948699,13.609818,4.911692,1.9058114,2.7216766,-1.2351966,1.2121849,1.0458452,-0.31943488,5.4502883,-0.6586145,1.247952,1.0128711,0.0730793,1.9958395,1.1
12.887853,12.340159,4.4566364,1.7874557,2.6963637,-3.993753,3.6623678,-0.83044255,0.48316395,1.3554677,1.4643277,-2.1532521,-0.17757742,-1.216517,0.067682825,1.1
13.023755,12.961243,5.2592554,1.2524211,3.3487027,-4.216733,3.5113013,-1.2751092,0.8008664,0.4045208,2.493595,-1.7553236,-0.7074808,-0.95296717,0.8513248,1.1
13.050644,14.293829,5.7137237,2.5011742,3.0353296,-2.2755785,2.8603084,-1.0609561,-0.52962404,3.2326202,-0.38028207,-1.7610642,-0.9993768,-0.69799566,2.6831627,1.1
12.043897,13.071906,3.9920475,0.66751206,1.723584,-2.133167,2.67468,-0.840374,-1.8347157,2.031084,-0.4257233,-2.0811625,-2.6867952,-0.99638206,2.1471152,1.2
11.943435,12.602227,4.149071,0.6914945,2.9774954,-1.772367,2.3663063,0.29028946,-1.7388371,2.7870185,-1.1484699,-0.7676887,-2.7013996,-0.40068707,3.983663,1.2
10.866808,10.315064,1.7170024,-0.12899742,2.313727,-2.9825463,4.693737,-1.9187162,-1.7683727,0.6279242,0.43644783,-3.000817,-2.7565324,0.7710019,2.975066,1.3
11.866574,9.727715,2.4842908,1.0231543,2.657881,-3.0029333,3.822075,-1.8725582,-1.583647,2.855201,0.050783448,-0.86240023,-1.7521106,2.952044,2.0481026,1.2
11.967372,8.129614,2.2315977,2.0279944,2.783007,-2.5891578,2.8521237,-3.5536644,-0.5226494,3.144975,-1.4818798,-3.5632088,-2.6652305,2.2889435,1.8461038,1.1
11.482418,9.357796,2.4809506,0.81186455,2.4790728,-2.26926,1.3931382,-1.335969,1.1946518,1.4157207,-1.5236005,-2.0071454,-3.3794205,4.046152,-0.0472511,0.9
10.5159,10.646068,3.0316658,-0.57065576,1.8822297,2.4314919,-2.9627175,1.9325502,-1.1850661,6.3307557,-4.6418133,-0.9091683,-1.5785995,3.539033,3.7364655,1.2
12.722936,11.953168,4.316033,0.17759243,1.9740722,-1.7986861,-1.635741,0.08591656,2.0595975,2.1425,-2.9645288,-1.1961505,-2.4701016,3.0404289,0.4712626,1.4
12.011146,11.899732,4.282295,0.76378196,3.058518,-2.0417535,0.15002964,-1.5623075,1.1190822,-0.15023509,-2.3875513,-3.572014,-3.7843478,1.8590915,-1.5624791,1.3
11.501617,10.326761,3.1149848,-0.12722604,3.1021032,-0.5607564,0.22984445,-0.8749336,0.76540565,0.039972756,-2.8812115,-3.3318074,-4.0397024,2.4269974,-0.7166702,1.0
12.018777,8.963485,2.305662,-1.5690624,1.9463845,-0.64002174,-1.3785518,-0.7150665,0.16131656,2.4239976,-3.0587626,-1.1261946,-2.284925,2.8817525,1.6198473,1.3
12.320227,9.38486,2.7381666,-0.5865627,2.3295515,-0.7881549,-0.12565488,-0.44967845,1.9655961,1.4203851,-2.470616,-1.42267,-3.2328072,3.6239703,-0.3592862,1.3
11.639957,7.806425,1.6008513,-0.98720753,2.1012924,-1.0262609,0.58667034,-0.4102686,1.9562492,0.29581237,-2.858646,-3.3541374,-3.448007,3.516885,-2.4870102,1.3
11.561881,9.514903,2.614627,-0.5200167,1.8787048,-0.3700316,0.43554923,0.23944193,2.3398788,-0.3621727,-2.6793013,-3.4790847,-3.557333,3.6390245,-2.8504984,1.3
11.910591,10.038639,2.3764706,-0.1873963,1.7935629,-0.16577733,0.0085335225,0.55115026,2.0690775,0.37990618,-3.6075077,-2.6795483,-3.3678796,3.787183,-2.0225325,1.3
11.67127,8.112479,1.5732672,-1.7327563,0.68767667,-0.34334096,-1.4316885,-0.5008092,0.19385356,0.9404611,-3.064861,-1.1710213,-2.7282896,2.721587,-1.0676174,1.3
12.008727,9.596967,1.6525326,-0.13687667,0.07806608,-0.069190845,-3.8935416,2.542328,1.358032,1.8411162,-4.589585,1.2599154,-3.8326235,2.6127667,1.4404068,1.1
12.948951,6.0465155,1.1109563,-4.351856,-3.2420566,0.8717804,-6.950289,9.054097,1.7716081,0.7122897,-2.6421814,2.371191,-1.5808122,0.15617,0.79650956,1.3
12.85523,5.820529,1.1260705,-4.4335675,-3.2912107,0.9971751,-6.7920322,9.18011,1.6793377,0.3314506,-2.4370184,2.4270115,-1.5352792,0.37486702,0.36765817,1.3
12.817285,5.634876,0.98291063,-4.5702147,-3.4247284,1.0870105,-6.7119584,9.286013,1.7090476,0.08793058,-2.2215314,2.424446,-1.4497509,0.33304277,0.30750033,1.2
12.736237,5.3485847,0.8946663,-4.5826693,-3.5014486,1.1504124,-6.5311007,9.44137,1.5778588,-0.3075393,-1.9656005,2.4984415,-1.2741526,0.34631237,0.010808007,1.1
12.81168,5.077093,0.70787823,-4.9031353,-3.9036381,0.9723017,-6.3396597,9.852971,1.6296865,-0.6135023,-1.3933699,2.2966907,-1.1198922,0.06029917,0.42274022,1.1
12.832258,4.85456,0.63383156,-4.8230195,-3.9416323,0.9065547,-6.224316,9.901271,1.6008077,-0.64972556,-1.2498968,2.4433856,-1.0221461,-0.006013371,0.41613126,1.1
12.7087,4.6028776,0.56806934,-4.937671,-4.0711713,0.9472418,-5.98431,10.144741,1.4334338,-1.1684211,-0.8707606,2.3894334,-0.9144081,0.09398052,0.08552598,1.2
12.745245,4.555491,0.29017565,-4.8720727,-4.27267,1.026561,-5.986523,10.184727,1.4800974,-1.3128543,-0.40200388,2.3313198,-0.8276997,-0.070923,-0.056169163,1.2
12.682478,4.3749185,0.209356,-4.943475,-4.34745,1.1114585,-5.8674145,10.305719,1.4096267,-1.6359526,-0.20071103,2.3344328,-0.7291596,-0.043554284,-0.26699492,1.3
12.687551,4.0558248,-0.0030403826,-4.997314,-4.480519,1.2019856,-5.782759,10.387385,1.4643023,-1.829865,0.024963899,2.485836,-0.5478335,-0.18779834,-0.29258746,1.0
12.464107,3.7493734,0.14197858,-5.3313627,-4.447767,1.1598421,-5.44447,10.630469,1.2234324,-2.2965717,0.031534158,2.4153502,-0.67012197,0.11710254,-0.35464445,0.7
12.394363,3.5721097,0.029874235,-5.4194226,-4.5198803,1.3280238,-5.3718967,10.734523,1.1679589,-2.6798236,0.20047879,2.4257622,-0.5213155,0.115385294,-0.62430185,1.1
11.290351,1.496587,-2.182283,-4.144542,-3.7277665,0.9299702,1.6615077,0.3621795,-1.2469554,-4.2182846,2.5399814,-2.4884477,-1.481057,-1.0850607,1.1184955,1.1
11.523911,1.0057704,-2.247485,-4.1425405,-2.697316,-0.91276497,1.6927377,-0.36266008,0.20806624,-4.999202,3.258693,0.1272232,-1.7435316,0.43613726,1.4228796,1.3
10.417963,0.08200378,-4.551912,-3.053192,-4.368481,3.8621476,2.158579,-3.9048166,-4.9701896,-0.33176637,1.734977,-4.919996,0.53777397,-0.5006856,4.062568,1.1
11.34185,2.108531,-1.9306587,-5.1166606,-4.1013246,0.574011,0.07959547,0.758928,-2.1716688,-3.3036795,2.1339545,-1.2894478,-0.88711345,-0.9458343,1.9835681,1.3
11.591793,1.3128431,-2.8141656,-4.5403886,-3.0876412,0.5169904,0.49252295,0.2791761,-1.8139706,-3.126366,1.8640531,-1.3466986,-0.2561368,-0.55552405,1.7505901,1.2
11.857364,-1.1455278,-3.4095378,-4.465556,-3.0277333,1.2423532,0.580505,1.7168766,-1.3776739,-1.1459796,1.9886734,-2.2541575,1.2441379,-0.576408,0.9041939,1.3
12.01522,1.5652343,-1.6039566,-3.3212552,-3.19131,0.6664095,1.4737246,0.50590676,-1.0350351,-2.9990985,1.9317621,-2.1760213,-0.8686647,-1.6994544,0.8309248,1.2
12.047114,1.4413317,-1.8420496,-3.1964698,-3.5358632,1.6020762,2.3155274,1.5773817,-1.2116553,-2.4596462,1.6954406,-3.2986994,-1.0816294,-1.838592,-0.06752628,1.1
12.529103,-0.33133203,-2.4035378,-4.74897,-2.4331915,-1.4017158,2.510952,-0.29227468,0.9545507,-5.4363775,2.9799283,-0.52847666,-0.26028332,-0.89020014,-0.41752267,1.3
12.210622,1.6034175,-1.6906719,-3.31569,-2.2300336,-0.005409577,2.449327,0.49049512,0.47290075,-4.274895,1.5882951,-2.623496,-1.9642096,-1.8879097,-0.1053198,1.3
12.462932,-0.6140392,-3.0724466,-4.1600266,-3.3699455,0.9062181,1.8459845,0.5184757,-0.80198985,-2.6985009,1.705983,-3.1819482,-0.02704885,-1.9564209,-1.186101,1.2
12.200943,1.0282763,-2.3081362,-3.5243182,0.054394998,-1.6009918,0.8459427,1.0608714,1.3856852,-5.4217443,2.6358864,1.6575997,-1.6756501,-1.5527452,1.838928,1.2
12.500257,0.5586278,-2.2291665,-3.7684057,-1.7913405,0.15191668,1.562412,1.000324,0.14984368,-1.679528,2.178285,-1.5165321,0.37615997,-0.4758343,-0.121657096,1.3
12.241272,0.81684995,-2.7491367,-5.2173667,-3.4959788,2.6245177,0.13432734,1.2066976,-2.850132,0.14942238,1.0117506,-3.3507879,0.99665284,-1.762979,1.7088464,1.2
12.564131,-0.8953574,-2.7662182,-4.938444,-2.2072778,-0.45723554,1.6058109,-0.119620584,0.31403878,-3.4783819,2.4482377,-2.279587,-0.030962473,-2.184181,0.61877286,1.2
11.942076,-0.9278324,-3.3143094,-5.6594634,-1.8779802,0.60312456,0.6446678,-0.037869547,-1.1169944,-2.878635,2.4036264,-1.097781,0.52083606,-1.6087066,1.9819765,1.2
12.814143,-0.74358505,-2.7963738,-4.822414,-2.8297505,0.90113103,1.4673641,-0.081852496,-0.78625125,-2.057951,2.086818,-3.2362332,0.8542366,-2.0982373,0.80439544,1.2
12.622855,-2.3753572,-3.6810632,-5.8210387,-2.2675233,-0.93912417,1.3019745,-0.68756765,-0.5731631,-3.2073472,2.4701917,-1.924782,0.39043778,-2.2670944,1.0782635,1.3
12.115367,-0.65427107,-1.7516522,-4.9419084,-2.6114626,0.6190573,2.3828762,-0.17845531,-1.8993665,-2.9872832,2.04102,-4.043956,0.42605183,-3.0562813,0.5313737,1.2
12.12316,-0.66746,-2.1999736,-4.192422,-0.74933565,-0.43250692,3.0405698,-0.22244625,0.058292527,-3.5250442,1.9189886,-1.9529959,-0.20643306,-0.92262244,0.88831556,1.2
11.781063,-1.1668411,-1.8250264,-4.6032352,-2.6181972,0.42825407,1.5003815,0.17209342,-0.6166487,-3.3838081,2.5245245,-1.5918045,2.5197043,-2.8303344,0.7268841,1.4
13.170703,-0.65880585,-1.2181264,-3.555355,-2.1745267,-0.52774036,3.367791,-2.3238332,1.0852439,-2.378972,3.601546,-3.5724556,1.4831234,-4.8673778,0.31868163,0.7
11.743935,-0.6833441,-1.5476775,-4.306199,-2.7342215,1.3883601,3.4405007,-0.058454987,-1.475772,-4.150532,0.05887633,-4.5127134,-0.056575786,-3.114669,1.1548424,1.2
11.803705,-3.7780075,-3.2637765,-5.8448706,-0.0030389163,0.47017768,1.8056874,-1.3118814,0.1589612,-3.9793265,0.6793137,0.50972056,1.4235244,-0.025530852,2.3540046,1.2
11.375187,-2.9350648,-3.8639667,-5.560229,-2.4215715,3.604957,3.1384394,0.04827245,-2.6873538,-2.6497505,-0.49817774,-4.985014,2.0198622,-1.0096816,-0.5470372,1.3
12.139882,-2.7770922,-2.8949213,-4.7154636,0.06620784,-0.3454428,2.1666155,-3.464749,0.58179325,-6.082007,1.0234332,1.2628539,-0.027889807,-1.035444,1.0050373,1.3
11.575753,-2.0886261,-2.725642,-4.800648,-0.40697265,-0.08788808,1.9710888,-0.6811905,1.3408676,-6.2641463,0.6363315,-0.0024870816,-0.5426109,1.0022752,0.85227615,0.8
11.457389,-0.89564145,-2.1720471,-2.8998716,-1.6766268,2.3085558,3.6260104,-0.17659271,-0.5257322,-4.2089314,-0.58332986,-3.1265042,0.33499438,0.65694374,-0.8671126,1.3
11.204079,-3.4504933,-3.8068125,-6.493492,-1.9247683,1.8879696,0.52271974,-1.3751106,-2.2881873,-3.4896164,-0.4413973,-0.2828214,2.0782552,1.0174974,0.433954,1.3
11.612352,-3.068892,-3.149863,-5.4947376,-2.2874792,1.503863,0.7075161,-2.0517368,-1.9264078,-3.5115397,-0.78329223,0.048781753,1.7889363,1.0850765,0.014155025,1.2
11.768806,-4.166153,-4.601187,-4.349328,-1.90419,2.456777,1.9947822,-1.2366719,-0.6652138,-2.8011997,-0.46939284,-0.13341062,1.168105,1.6498041,-1.8394729,1.3
11.885556,-3.6628268,-4.4128485,-5.411184,-2.4876566,3.3933628,-0.04752104,-0.39143813,-1.9258485,0.39809117,-0.6167445,-0.11466646,2.8602366,2.1094851,0.12922437,1.3
11.776116,-6.3382616,-5.8876076,-5.9543133,-3.164658,2.2156467,1.3132639,-2.23066,-1.7344145,-1.6890388,0.1688897,0.39036247,2.773056,2.1475852,-0.5512445,1.1
11.96542,-2.912491,-4.4779563,-5.396519,-3.1022215,1.693102,2.3565328,-0.23146439,-0.57679963,-2.905421,0.20108338,-3.4530911,0.9780878,1.9800986,-1.6858518,1.3
11.810891,-5.436749,-6.2163987,-7.025516,-2.8914163,1.9634911,0.005354129,-1.6251005,-3.1504064,0.3071685,-1.0719625,1.1683738,1.7061741,4.2189865,0.6183825,1.1
11.943723,-5.8510222,-6.689178,-7.5060606,-3.991793,3.3420103,0.10824468,-1.7795638,-3.7921572,1.4685643,-1.9507942,0.29632798,3.2446218,4.9841995,-0.09899952,1.1
12.141978,-6.573315,-6.3876266,-6.5428934,-1.9110305,4.0963526,0.15733929,-1.6973526,-1.9860861,1.514186,-1.0374365,2.9518237,3.581425,6.6735992,1.6993427,1.2
11.532484,-3.5307508,-4.710694,-3.5706878,-1.5682881,3.114493,3.6872575,-0.70146626,-0.9207405,-0.07301336,-1.7787158,-2.1502016,1.8005085,4.590897,-0.7576453,1.1
11.400821,-8.018228,-6.983488,-7.4408503,-3.7429283,4.0660515,1.9807236,-2.4859123,-3.6118355,0.2440399,-2.7273428,-0.9231813,1.81067,2.8619106,0.94342977,1.1
11.71962,-6.488245,-6.7577243,-6.3164144,0.7837932,2.0964231,1.8924414,-1.9442974,0.39073625,-0.3919338,-4.0353518,2.8864064,1.1565759,6.459433,-0.2679265,1.0
11.144813,-7.262321,-6.7091255,-4.862438,1.0859212,3.5101318,3.3519442,-2.4783537,0.19114324,-0.24179651,-4.0778403,2.8777845,0.11268894,5.8860855,0.13527851,1.1
10.290171,-7.467715,-6.762517,-3.4970188,1.5175108,5.420019,4.635774,-3.2325585,-0.06865962,-0.47546202,-4.1058087,2.5373259,-1.1449218,5.708455,-0.2601316,1.1
9.83567,-8.638709,-7.090133,-0.58282423,1.8459542,7.059275,6.736994,-4.207776,-0.35911128,0.42795092,-3.5875561,2.600846,-2.6397932,4.1615734,0.87262964,1.3
9.274374,-8.954847,-7.902355,0.76583505,1.8126341,9.241335,7.6450467,-5.0651975,-0.18740922,0.43642855,-3.0831,2.1279721,-3.9384272,3.1893334,1.1586055,1.1
8.563334,-9.515981,-7.757064,2.9127958,2.4342241,10.577336,9.181891,-5.8643327,-0.76037174,0.672037,-3.2701852,2.1786997,-4.9610786,2.7278357,0.8542923,1.2
9.772636,-6.9115663,-5.27134,3.2423527,3.430002,6.550639,4.4755397,-1.083905,1.8837016,-2.1611543,-2.5529094,5.205832,-3.9006672,0.46712944,-2.1007643,1.3
9.726977,-6.364662,-5.6613407,2.253065,1.0478628,8.085523,4.0570917,0.08190341,1.7131529,-0.985653,-3.8726192,3.30743,-4.0327625,-0.690809,-1.8978797,1.1
10.042673,-6.0905504,-4.8213377,2.834055,2.311485,5.787688,5.3121433,-1.2558682,4.539674,-4.065153,-1.8192974,5.0413327,-5.284766,0.09875844,-2.3105035,1.2
10.020187,-5.1290874,-5.565213,1.8399153,-2.1731908,12.835196,2.9134622,-0.32444245,-0.6132779,2.713879,-6.0500817,-0.17895895,-2.2514215,-4.0735908,0.045443065,0.6
13.541171,-7.1946783,-5.4660664,-3.2769048,-2.3243515,4.1270967,-6.0368824,-2.2575424,0.829264,6.9393296,-0.6755372,1.6696986,2.8246396,0.85069764,1.1219422,1.1
12.340571,-6.0306406,-5.3878284,-2.203276,-4.8100553,3.5112348,-1.2702708,-3.1061103,1.5837501,1.7152745,1.0215713,-2.6858218,-0.17627177,-0.3263748,-2.2603464,1.1
13.150933,-5.5158396,-4.2612643,-0.10511157,-2.5123367,-1.5801426,-0.75075,-4.1585336,4.3401875,0.731246,0.94044644,1.1274093,-2.7025719,-0.67846656,-1.1719723,1.3
13.31897,-8.023223,-4.998287,-0.7848679,-2.5964637,0.60156685,-2.5086472,-3.4517007,2.6817868,3.8409338,0.40812495,1.4180533,-1.277493,-2.5890653,0.6069133,1.1
13.667279,-7.111802,-3.140515,0.65344507,-2.1697762,0.39450103,-1.562799,-3.235286,4.4853106,0.7233505,0.59965444,1.7001965,-2.1525075,-2.5646725,1.6093243,1.1
12.906381,-4.9756827,-1.2091535,2.5470595,-0.87107897,-0.9103936,-2.9269023,-3.062516,7.811953,-2.2602224,1.8859894,2.480786,-0.010469797,-3.1313145,0.6201124,1.2
12.808362,-6.0655375,-3.689458,1.3506645,-6.4078145,4.7025323,-3.6683447,-0.99633723,-0.3019267,6.59961,0.4070492,-5.0809116,1.2532927,-5.597305,-1.9432131,1.1
14.569342,-4.6841865,-2.51921,3.009086,-4.1387873,1.0213234,-2.5691872,-2.5831232,3.3102553,3.6527278,1.0184485,-1.0890917,0.452371,-3.890821,-1.9680477,1.2
14.199445,-7.2556024,-2.8201468,3.4509547,-1.3253028,0.3512313,-3.2684982,-3.2671223,4.0059733,6.4175453,0.99339116,2.4450269,2.0845444,-1.8514173,0.100116745,1.1
14.450563,-3.4088135,-1.3246925,5.1076035,-2.818636,0.9798862,-1.1032898,-0.82500845,4.0906525,4.668764,0.7412055,-2.0661638,0.06560481,-3.911815,-2.027092,1.3
14.67423,-8.947757,-3.621489,2.9914365,-2.7443056,0.3840912,-2.3806121,-3.4124675,4.33953,5.8089404,2.220398,0.23936217,3.512216,-2.4326344,-2.4238796,1.6
14.429996,-3.4962592,-0.8894723,4.4861803,-2.0552,-1.9655592,-1.1364098,-2.4803743,7.8764043,0.7159839,2.4617536,-1.8953611,-0.014358409,-2.1767206,-4.0926385,1.1
15.269107,-6.7241826,-1.8048478,3.8046217,-1.1209043,-1.1370838,-2.1044922,-2.7670827,4.4105425,4.6991277,0.064187154,0.05172678,0.4583661,-3.9518116,-0.5069458,1.2
14.061898,-8.769176,-3.8792057,3.4289286,-3.6377504,0.34565777,-0.47069114,-2.9369068,4.6302705,5.833279,-1.0871086,0.52135724,2.3792434,-2.0737484,-1.7771039,1.1
14.147836,-7.073858,-1.8416059,3.99784,-3.743898,-2.6642947,0.12640162,-4.995026,5.9238787,0.06658474,0.15073873,1.2552681,-0.27010354,-4.6086674,-1.246708,1.0
13.3584585,-5.119088,-0.8533835,5.2672014,-3.5479484,-1.3593119,1.0051254,-3.0750623,5.2004695,0.80485857,0.59562874,-0.82830995,-0.038173333,-2.5677965,-2.7198384,1.3
14.659509,-4.317231,-0.8591918,5.6023374,-0.7749824,-1.2628833,-2.6256492,-0.31735137,6.001322,4.1549997,1.5275491,3.311016,-0.76815104,-1.0613056,-0.09793851,1.1
15.36574,-4.922207,0.26566142,6.6566296,-1.9384928,-1.4447393,2.5125074,-2.7741654,7.755047,3.1580794,-0.11739384,-2.2799864,-2.308493,-1.2530527,-3.3588483,1.3
14.379423,-5.9616075,0.026312767,7.3794203,-0.6679586,-0.73855454,-1.526107,-1.4901733,5.117614,4.8609242,0.6470964,-1.4039658,-0.9531353,-6.0582876,-0.83534527,1.2
13.307003,-6.2456255,0.05951855,7.5072913,-2.1362534,-1.3690964,-0.27418888,-1.3125006,6.1674213,2.7726297,0.7618865,0.008704054,-1.9509218,-2.9870815,-1.2663205,1.1
14.350901,-6.1875954,-0.34463033,8.284929,0.079376735,-1.4077871,-1.3360028,-1.0103362,6.658523,2.8577197,-1.3909549,2.3659348,-1.8163512,-3.186562,1.1140845,1.2
14.466588,-6.557621,0.28811607,8.023617,-1.3048226,-0.53615475,-2.2919648,-1.6037991,4.8634725,6.317006,-0.29548484,3.778316,1.256991,-1.5849346,1.2874486,1.2
13.106319,-8.382683,-0.26325223,9.757769,-1.3367591,-1.5993798,0.010164753,-1.8748834,3.1365106,2.7243426,1.3761878,2.869464,-1.2040865,0.74634266,0.9516413,1.2
12.288433,-7.5680966,-1.8302484,8.424889,-1.2301588,0.98164904,-3.2948625,1.2831078,0.61714923,8.218858,0.24541748,2.67529,1.1519166,2.3977544,1.7512245,1.1
15.012448,-11.024168,-1.1680826,15.673107,-1.788262,-2.4120724,-3.1148133,2.4357543,-5.1453953,-0.30775043,-0.08970165,-3.2990007,2.9482245,0.45860472,-0.68945783,1.1
14.29237,-10.675538,0.037890214,16.558369,0.10652821,-5.50308,-1.6289834,1.8989305,-4.113391,-3.3023725,-0.7103433,-0.5822039,-0.42866096,0.613106,1.5501213,1.3
13.807841,-11.346083,-0.7449428,17.407822,-0.3581617,-5.787265,-1.2892495,2.1558208,-3.4315698,-5.6663375,0.35159114,-0.2003649,-0.6330897,1.0469024,0.72983605,1.1
12.733408,-11.913367,-1.3492512,16.698837,-1.6562244,-0.4275239,-4.001034,4.3196073,-8.434657,0.86083937,-1.0629165,-2.293799,2.566591,1.7702171,3.1352715,1.3
15.207247,-10.925221,1.1021142,19.651712,-0.7471574,-6.434948,-4.6408963,1.4890064,-4.4665356,-2.2552242,-0.71781546,-2.5527146,2.0917287,0.42911518,0.34135818,1.1
13.698563,-10.259678,0.9718482,18.803219,0.8483651,-4.9582086,-4.3908277,2.8473892,-5.0795484,-2.9006763,0.49037614,0.89211833,2.0184577,3.881943,1.7424905,1.3
13.657639,-10.692093,0.8969438,18.793646,-1.518949,-5.1636395,-2.9821222,2.6865318,-4.868322,-6.1534147,-0.02184447,-2.655053,-0.016229872,3.853682,1.2676398,1.3
14.565173,-10.952162,1.0065131,19.363781,-1.7372372,-6.12,-3.4820826,2.287978,-4.2380705,-6.627361,1.1147273,-2.7774937,0.19447197,3.1476977,2.07422,1.3
13.749526,-13.132231,-1.2863587,19.77171,1.7501024,-6.968891,-3.7737088,3.0697434,-5.494158,-4.7911353,0.25045645,-0.736539,-1.109627,6.4764857,3.622005,1.3
