90.6,4.8079,0.6895,0.668,18.2921,39.9983,69.6066,42.0154,0.3388,6.9461,425.9295,0.2663,-0.0004,6.8794,0.2826,37.8047,3.3249,76.8499,92.7603,2.0454,6368.747,233.3108,83086802,832503.795,2216.4094,39063124.5,1840.1447,39608757,0.3533,1.4
90.5,4.8079,0.6895,0.668,19.8426,39.9534,67.113,40.9039,0.3388,6.9461,421.5344,0.2663,-0.0004,6.8794,0.2814,37.876,3.3212,76.1844,92.8579,2.026,6360.6453,242.3692,82318954,803462.665,2370.5874,38810581.5,1641.7326,39389299,0.3545,1.2
90.7,4.8079,0.6895,0.668,26.9949,39.9614,68.6134,42.1031,0.3388,6.9461,425.2584,0.2663,-0.0004,6.8794,0.2823,37.9079,3.3196,75.9668,92.7966,1.9647,6504.9649,233.0769,82012004,791925.055,2326.4654,38693812,1600.6758,39312616.5,0.3502,1.4
90.4,4.8079,0.6895,0.668,26.3245,40.0345,69.7144,41.9704,0.3388,6.9461,424.4062,0.2663,-0.0004,6.8794,0.2823,39.1774,3.2102,76.79,92.8837,2.039,6506.825,238.3499,81231373.5,762863.81,2495.2236,38410862.5,1563.7122,39120204.5,0.3539,1.4
89.6,4.8079,0.6895,0.668,30.2244,40.9853,68.5931,42.9001,0.3388,6.9461,428.5147,0.2663,-0.0004,6.8794,0.283,39.5084,3.1788,76.5396,92.8037,1.9869,6560.2423,236.5762,80915707.5,751362.3,2807.7891,38283000,1554.3574,39045953.5,0.3581,1.3
91,4.8079,0.6895,0.668,27.873,40.9895,69.7508,42.0065,0.3388,6.9461,427.4582,0.2663,-0.0004,6.8794,0.2856,39.4586,3.1905,76.7432,92.7356,1.9969,4995.8179,233.1212,80170440.5,722436.095,2832.0818,37948102,1419.5727,38870284.5,0.3502,1.4
90.4,4.8079,0.6895,0.668,24.8406,40.9608,68.0209,42.0002,0.3388,6.9461,426.3754,0.2663,-0.0004,6.8794,0.2847,39.5449,3.1758,76.7056,92.816,1.9516,5013.5304,236.9148,79929377,711180.985,2710.0613,37811191.5,1419.0643,38807013,0.3539,1.2
90.5,4.8079,0.6895,0.668,23.1852,40.9648,71.9689,41.9993,0.3388,6.9461,421.7465,0.2663,-0.0004,6.8794,0.284,40.0933,3.1379,76.1579,92.8128,1.9995,5085.5481,249.067,79323322.5,682185.54,2378.5759,37497132.5,1268.2129,38630705.5,0.3449,1.3
90.4,4.8079,0.6895,0.668,28.0242,40.9988,70.0027,42.0038,0.3388,6.9461,424.311,0.2663,-0.0004,6.8794,0.2841,39.8897,3.1473,76.5276,92.8583,2.0391,5089.856,236.4778,79201174.5,676129.555,2674.4292,37438622.5,1326.7278,38598901.5,0.3508,1.1
90.2,4.8079,0.6895,0.668,27.5586,41.0221,71.4502,42.0118,0.3388,6.9461,424.6295,0.2663,-0.0004,6.8794,0.2842,39.948,3.1432,76.5347,92.7859,2.0248,5035.9411,228.4492,79079909,670396.425,2561.5902,37375561,1279.7038,38568122,0.3403,1.4
90.2,4.8079,0.6895,0.668,15.9759,40.9738,67.618,41.8527,0.3388,6.9461,421.8267,0.2663,-0.0004,6.8794,0.2772,40.5624,2.9777,76.3783,92.8324,1.5333,5113.008,229.966,78467460,641612.97,2875.6484,37045177.5,843.3623,38432882,0.35,1.3
90.2,4.8079,0.6895,0.668,16.2921,40.9986,68.1143,41.9906,0.3388,6.9461,421.5861,0.2663,-0.0004,6.8794,0.277,40.6189,2.9717,76.9085,92.8376,1.2713,5143.6871,231.3315,78220199,630373.625,2626.2982,36915420,1294.7392,38376984,0.3503,1.3
89.2,4.8079,0.6895,0.668,26.06,40.9004,67.3413,41.9912,0.3388,6.9461,421.2548,0.2663,-0.0004,6.8794,0.2771,40.2841,2.9982,76.5815,92.9016,1.291,5193.7348,242.7467,77602512.5,601538.375,2201.8781,36599601,1469.9373,38223105,0.349,1.5
86.8,4.8079,0.6895,0.668,24.8586,40.8909,67.9117,41.9864,0.3388,6.9461,423.4893,0.2663,-0.0004,6.8794,0.2776,39.3854,3.0644,76.8844,92.9152,1.8792,5167.5338,226.2276,77352724.5,589950.48,2830.6403,36476511,1422.0177,38153017.5,0.353,1.4
87.8,4.8079,0.6895,0.668,27.9909,40.927,67.5437,42.024,0.3388,6.9461,422.6109,0.2663,-0.0004,6.8794,0.277,37.0646,3.2575,76.4991,92.8796,1.9304,5293.4297,219.3872,76594783.5,551391.2,2569.868,36068044,1471.1011,37911041,0.3479,1.7
88.4,4.8079,0.6895,0.668,20.6988,40.9572,69.0287,41.9969,0.3388,6.9461,426.0639,0.2663,-0.0004,6.8794,0.278,37.8172,3.1954,77.216,92.7529,1.9205,5234.3488,221.8455,76085004,529925.835,2900.5451,35816125.5,1336.2347,37774787,0.3501,1.7
87.2,4.8079,0.6895,0.668,26.5979,41.0042,68.081,41.996,0.3388,6.9461,424.5255,0.2663,-0.0004,6.8794,0.2773,37.6825,3.2044,77.1899,92.8454,1.9862,5378.558,220.1612,75700945.5,513880.35,2843.1958,35617321.5,1353.7355,37672689,0.3503,1.1
88,4.8079,0.6895,0.668,23.0812,41.0068,68.8587,42.0071,0.3388,6.9461,424.9652,0.2663,-0.0004,6.8794,0.2752,36.9483,3.2624,77.2268,92.9555,1.9955,4617.9967,227.6492,75231621,493054.685,2822.033,35343544,1412.0015,37536067.5,0.3501,1.5
88.2,4.8079,0.6895,0.668,25.365,40.974,69.8788,42.4459,0.3388,6.9461,423.9285,0.2663,-0.0004,6.8794,0.2812,36.8031,3.4142,77.607,92.932,2.0102,4625.965,234.6001,75011108.5,481490.065,2812.7033,35221922.5,1479.8209,37467378,0.3498,1.1
88.8,4.8079,0.6895,0.668,31.6469,40.9844,69.2221,42.0057,0.3388,6.9461,424.6858,0.2663,-0.0004,6.8794,0.2852,36.5732,3.5754,78.467,92.8056,2.0227,4754.4619,229.2437,74896714.5,475723.13,2856.953,35154110.5,1453.0124,37432584,0.3496,1.2
88.1,4.8079,0.6895,0.668,54.4219,41.0195,69.4573,41.9865,0.3388,6.9461,424.6516,0.2663,-0.0004,6.8794,0.286,36.6055,3.5687,77.9751,92.9136,2.1703,4710.3484,233.0633,74332146.5,447529.765,2808.8481,34807983,1384.8156,37263643,0.3504,1.5
88.2,4.8079,0.6895,0.668,50.7198,40.9227,69.6867,41.9613,0.3388,6.9461,421.6491,0.2663,-0.0004,6.8794,0.292,35.7518,3.7428,78.7428,92.9456,2.1036,4724.9449,217.9855,74100525,435902.16,2496.75,34678032.5,1352.2926,37197079.5,0.3498,1
89.6,4.8079,0.6895,0.668,77.7206,40.9821,69.2443,41.5215,0.3388,6.9461,426.131,0.2663,-0.0004,6.8794,0.2922,35.6213,3.7496,78.8491,92.8636,2.1554,4722.6842,218.5063,73647993.5,414865.025,2748.393,34407167.5,1321.7273,37065328.5,0.3506,1.6
89,4.8079,0.6895,0.668,80.9123,40.8925,71.236,41.9778,0.3388,6.9461,427.4198,0.2663,-0.0004,6.8794,0.2926,35.7111,3.742,79.1565,92.8891,2.1412,4659.7764,210.6144,73308017.5,399127.04,2957.7672,34199259.5,1411.7761,36967655,0.3509,1.4
89.3,4.8079,0.6895,0.668,92.197,40.9486,71.3023,41.2211,0.3388,6.9461,427.9829,0.2663,-0.0004,6.8794,0.2935,35.9397,3.7203,79.5821,92.8595,2.1208,4706.2808,204.6,72858379.5,378221.505,3151.7556,33912314.5,1275.595,36846920,0.3525,1.4
89.2,4.8079,0.6895,0.668,78.4348,41.0563,70.3586,42.695,0.3388,6.9461,427.485,0.2663,-0.0004,6.8794,0.2946,35.5451,3.7922,79.2119,92.785,2.169,4723.1183,207.5207,72522255,363183.06,3140.2452,33695766.5,1301.9599,36754434,0.35,1.5
88.7,4.8079,0.6895,0.668,79.4765,40.9068,70.2114,43.1079,0.3388,6.9461,425.6707,0.2663,-0.0004,6.8794,0.2941,35.7059,3.7726,79.3986,92.9026,2.1859,4710.7758,216.2487,72072250,342940.15,2720.4634,33411452.5,1374.4889,36629384,0.3476,1.4
89,4.8079,0.6895,0.668,91.2979,40.9785,75.1378,39.7018,0.3388,6.9461,426.3038,0.2663,-0.0004,6.8794,0.2946,35.8606,3.7608,78.3925,92.8305,2.0993,4718.4867,231.3831,71732608.5,327412.22,2598.6278,33193829.5,1384.5503,36532975,0.3503,1.1
89.7,4.8079,0.6895,0.668,82.059,40.9374,72.5703,41.8334,0.3388,6.9461,426.0159,0.2663,-0.0004,6.8794,0.2946,36.4634,3.6951,79.7086,92.8451,2.0743,4730.8891,206.9452,71279956.5,306421.845,2611.9746,32912428,1383.2968,36403932.5,0.3503,1.4
89.2,4.8079,0.6895,0.668,76.5103,40.803,71.8714,39.4322,0.3388,6.9461,426.3999,0.2663,-0.0004,6.8794,0.2956,35.7165,3.8004,79.8739,92.9044,2.1875,4671.9988,193.0319,70941050.5,291669.48,2954.6974,32703051,1297.6652,36305708,0.3502,1.2
89.1,4.8079,0.6895,0.668,76.1059,40.8301,71.8089,40.1158,0.3388,6.9461,424.5732,0.2663,-0.0004,6.8794,0.2961,35.9489,3.7794,79.2232,92.8454,2.1519,4779.865,214.036,70490975,272522.275,2584.7085,32421584.5,1387.2771,36173850.5,0.3506,1.7
88.5,4.8079,0.6895,0.668,84.6549,40.6931,70.9305,41.0333,0.3388,6.9461,426.9512,0.2663,-0.0004,6.8794,0.2997,36.8421,3.6891,80.0821,92.8628,2.1049,4692.3122,207.266,70151522.5,257122.715,2876.5823,32221687,1422.2198,36078424,0.35,1.4
88.4,4.8079,0.6895,0.668,84.2961,40.9228,73.9417,38.8003,0.3388,6.9461,427.0279,0.2663,-0.0004,6.8794,0.2989,36.9081,3.6792,80.4986,92.8814,2.0182,4725.7098,196.5711,69704067,237658.48,2749.1733,31952889,1273.5891,35947441,0.3502,1.1
88.1,4.8079,0.6895,0.668,84.3649,40.9491,74.0526,42.4616,0.3388,6.9461,426.916,0.2663,-0.0004,6.8794,0.2992,37.0997,3.6659,80.4488,92.8259,2.0165,4748.0337,195.5883,69363841,223430.78,2614.7552,31752907,1348.2893,35854191.5,0.3523,0.9
88.7,4.8079,0.6895,0.668,87.1716,40.8647,73.3246,44.8466,0.3388,6.9461,427.3319,0.2663,-0.0004,6.8794,0.2992,37.174,3.6529,80.5937,92.9435,1.9828,4784.3497,184.3989,68907668,204629.11,2841.6163,31495685.5,1315.2887,35727934,0.3499,1.1
87.5,4.8079,0.6895,0.668,84.5442,40.84,72.7922,40.024,0.3388,6.9461,427.5525,0.2663,-0.0004,6.8794,0.3,37.2433,3.6558,80.9522,92.9243,2.0541,4731.173,183.8026,68564682,191057.145,2697.0334,31302926,1450.9228,35629586,0.3508,1.4
89.4,4.8079,0.6895,0.668,66.7207,40.9306,72.639,40.2894,0.3388,6.9461,426.4986,0.2663,-0.0004,6.8794,0.2994,37.5374,3.6204,79.85,92.8236,2.0428,4689.3636,190.7897,68113667,172756.665,2643.2425,31054287,1351.6821,35497151.5,0.3499,1.3
89.1,4.8079,0.6895,0.668,82.2524,40.9475,72.773,39.9673,0.3388,6.9461,426.6939,0.2663,-0.0004,6.8794,0.2997,36.6808,3.7094,81.1414,93.0179,2.2235,4586.9571,182.913,67777238.5,159000.37,2644.961,30868029,1292.6968,35400555,0.3499,1.3
89.5,4.8079,0.6895,0.668,86.1867,40.5585,69.7969,39.9937,0.3388,6.9461,430.4383,0.2663,-0.0004,6.8794,0.2979,37.0296,3.6722,80.5026,92.6907,2.0806,0,169.0157,67001640,129857.75,3157.8222,30396380,1516.7483,35152318,0.3499,1.2
89.7,4.8079,0.6895,0.668,83.5818,40.9291,69.7831,39.9853,0.3388,6.9461,427.8423,0.2663,-0.0004,6.8794,0.297,36.6519,3.7071,79.9529,92.826,1.9885,0,168.5031,67001640,113865.655,2674.8878,30123677,1621.7866,34997352.5,0.3491,1.4
89.2,4.8079,0.6895,0.668,80.8387,40.9162,69.7793,39.8092,0.3388,6.9461,429.0974,0.2663,-0.0004,6.8794,0.3011,36.5428,3.7272,79.108,92.7898,2.0646,0,193.9528,67001640,102120.435,2952.2555,29912048,1678.598,34880588.5,0.3526,1.5
89.8,4.8079,0.6895,0.668,96.9213,40.8018,69.8211,40.8684,0.3388,6.9461,425.6698,0.2663,-0.0004,6.8794,0.304,35.8656,3.786,79.9763,92.7963,1.9606,3769.4958,158.0684,66995025.5,85813.5865,2199.208,29648284.5,1938.8547,34707979.5,0.35,1.2
89.6,4.8079,0.6895,0.668,106.6574,41.0417,68.8734,43.0025,0.3388,6.9461,432.7423,0.2663,-0.0004,6.8794,0.3059,35.0358,3.8746,81.8638,92.8944,2.265,0,106.3749,66618750,76122.09,3138.2778,29475178,1883.3361,34574734,0.3507,1.5
89.5,4.8079,0.6895,0.668,91.686,39.9139,67.9469,42.9892,0.3388,6.9461,427.8496,0.2663,-0.0004,6.8794,0.305,36.1652,3.7546,80.4582,92.7526,2.0663,5575.1993,99.4993,66222161.5,63601.1615,2290.2697,29269478.5,1911.585,34394333.5,0.3503,1.4
89.7,4.8079,0.6895,0.668,88.241,39.9679,69.8492,42.9842,0.3388,6.9461,425.7705,0.2663,-0.0004,6.8794,0.3036,35.294,3.8473,79.3309,92.7426,2.1271,5426.3782,112.2241,65825142,55105.922,2487.2404,29102376.5,1674.9649,34267145,0.3501,1.2
89.5,4.8079,0.6895,0.668,74.8955,39.9706,69.9382,43.0054,0.3388,6.9461,424.771,0.2663,-0.0004,6.8794,0.3034,33.7114,4.031,79.2212,92.8061,2.1747,5403.5872,43.8115,65301931.5,46791.133,2277.351,28881570.5,1874.7731,34096431,0.3503,1.2
89.6,4.8079,0.6895,0.668,118.3148,39.7161,69.7169,43.2586,0.3388,6.9461,429.703,0.2663,-0.0004,6.8794,0.3049,33.706,4.029,79.4991,92.751,2.3264,5601.2034,101.552,64908727.5,44029.3925,2601.8199,28702256.5,1904.9493,33963408.5,0.3509,1.3
90,4.8079,0.6895,0.668,90.5716,39.8362,68.2233,42.9739,0.3388,6.9461,422.7037,0.2663,-0.0004,6.8794,0.3026,34.0199,3.9922,79.9913,92.8815,2.3908,5689.771,0,64361871.5,42166.09,1694.8356,28481974,1925.6833,33784535,0.3419,1.2
90.2,4.8079,0.6895,0.668,77.738,39.9061,69.0303,43.0198,0.3388,6.9461,421.9999,0.2663,-0.0004,6.8794,0.3028,35.0305,3.8738,78.4744,92.6507,1.9515,5630.8673,0,63949224,42166.09,2102.7544,28329955,1694.1325,33652924.5,0.3501,1.1
89.6,4.8079,0.6895,0.668,78.0039,39.9566,68.3387,43.0235,0.3388,6.9461,422.2624,0.2663,-0.0004,6.8794,0.3019,34.2822,3.9609,78.8851,92.479,2.0358,5715.6217,35.7042,63397015,42166.09,1986.4897,28132773.5,1678.3135,33492032,0.35,1
89.6,4.8079,0.6895,0.668,87.4761,40.0898,68.2265,42.9955,0.3388,6.9461,423.7625,0.2663,-0.0004,6.8794,0.3001,34.4163,3.9447,79.1309,92.5453,2.0359,6299.4043,582.5003,62959038.5,42166.09,2605.5166,27989375,1617.2399,33369841,0.3495,1.2
90.1,4.8079,0.6895,0.668,40.3237,39.9935,66.822,42.9786,0.3388,6.9461,424.7027,0.2663,-0.0004,6.8794,0.3006,33.0678,4.1101,78.5099,92.5056,2.0896,5175.7821,1311.5617,62428757,42166.09,2388.5548,27755370.5,1848.7122,33208229.5,0.3504,1.4
90.2,4.8079,0.6895,0.668,42.8982,40.0029,67.9363,42.9945,0.3388,6.9461,424.0871,0.2663,-0.0004,6.8794,0.2977,32.9585,4.1144,78.8206,92.8259,2.071,5570.5475,231.6072,62047013,41360.48,1780.2892,27603723,2314.1946,33055256,0.3507,1.2
90.1,4.8079,0.6895,0.668,42.6363,40.0013,71.8964,43.0173,0.3388,6.9461,423.6247,0.2663,-0.0004,6.8794,0.2979,33.2384,4.0835,77.8493,92.7236,2.1013,5615.3356,218.0099,61509536,41360.48,2869.1975,27357667,1222.6631,32910257.5,0.3491,1.2
89.8,4.8079,0.6895,0.668,44.2772,39.9806,68.8231,42.9764,0.3388,6.9461,425.0256,0.2663,-0.0004,6.8794,0.2985,33.2498,4.0855,79.431,92.7923,2.0678,5566.8206,207.8119,61104497.5,41360.48,2283.8381,27180075,2162.3111,32785241.5,0.3479,1.2
89.6,4.8079,0.6895,0.668,37.5484,39.9688,72.5413,43.007,0.3388,6.9461,423.8536,0.2663,-0.0004,6.8794,0.2982,33.3805,4.0721,78.6405,92.7297,2.0855,5324.3292,194.2147,60436838.5,41360.48,2524.6363,26996853,1607.4445,32595179.5,0.35,1.4
89.4,4.8079,0.6895,0.668,50.4227,39.9186,69.3828,43.0021,0.3388,6.9461,421.9342,0.2663,-0.0004,6.8794,0.2974,33.6118,4.0386,78.195,92.7114,2.0525,5269.947,184.0167,60059476.5,41360.4,1901.6492,26857340.5,2411.6403,32430908.5,0.3496,1.1
88.7,4.8079,0.6895,0.668,54.5635,39.9957,65.5351,43.011,0.3388,6.9461,424.3773,0.2663,-0.0004,6.8794,0.2908,33.9219,3.8517,80.5268,93.0709,2.2761,10090.8725,170.4194,59355093.5,41360.4,2230.5853,26669124.5,2255.3466,32219822,0.3499,1.3
89.4,4.8079,0.6895,0.668,55.0317,39.9828,70.0715,43.0092,0.3388,6.9461,425.365,0.2663,-0.0004,6.8794,0.2742,34.0208,3.5472,79.4105,92.9378,2.2521,10082.8536,160.2215,58628419,41360.38,2014.6304,26531502.5,2552.0367,32054842,0.348,1.8
89.2,4.8079,0.6895,0.668,54.32,40.0071,67.9644,42.9968,0.3388,6.9461,425.4736,0.2663,-0.0004,6.8794,0.2747,34.1172,3.5431,79.2427,92.827,2.2196,6038.7931,146.6242,57688133.5,41360.38,1636.4656,26375039,2647.9544,31802358.5,0.3507,1.2
89.7,4.8079,0.6895,0.668,47.8887,39.9845,70.6356,42.9969,0.3388,6.9461,424.8934,0.2663,-0.0004,6.8794,0.278,34.2944,3.5224,79.5017,92.9242,2.2348,6337.1394,136.4262,57246941.5,41360.31,1852.787,26255005,2709.2181,31611635,0.3501,1.7
89,4.8079,0.6895,0.668,50.0642,39.9796,67.1183,42.9847,0.3388,6.9461,424.5963,0.2663,-0.0004,6.8794,0.278,34.1499,3.5384,78.6984,92.8522,2.225,6280.3462,170.571,56639411,41351.26,1754.3004,26089063.5,2697.5353,31357268,0.3499,1.8
89.1,4.8079,0.6895,0.668,52.9545,40.0272,67.5714,42.9975,0.3388,6.9461,424.7772,0.2663,-0.0004,6.8794,0.2804,33.898,3.5644,78.7727,92.8719,2.2454,6344.189,166.906,56182508.5,41341.2,1747.2199,25970750.5,2615.1988,31168719,0.3503,1.6
88.8,4.8079,0.6895,0.668,46.6782,39.9737,67.9124,43.0033,0.3388,6.9461,424.1375,0.2663,-0.0004,6.8794,0.2984,33.9241,4.0013,79.5534,92.4654,2.0138,6247.4563,0,55577956.5,41341.2,1972.8439,25804989,2431.9387,30913669,0.3499,1.6
88.3,4.8079,0.6895,0.668,41.1242,40.0054,67.1916,43.0005,0.3388,6.9461,422.3016,0.2663,-0.0004,6.8794,0.2974,34.0709,3.9819,79.991,92.5028,2.0251,6328.5237,0,55122398.5,41341.2,1780.9647,25678307.5,2683.5793,30720084.5,0.3504,1.1
88.7,4.8079,0.6895,0.668,41.3763,39.9796,66.0483,42.991,0.3388,6.9461,421.1214,0.2663,-0.0004,6.8794,0.3016,33.9745,3.9993,79.3383,92.5554,2.0189,6320.893,0,54516100,41341.2,1812.4886,25520678,2594.8229,30463075.5,0.3511,1.3
89,4.8079,0.6895,0.668,50.5273,40.0572,66.9697,43.0394,0.3388,6.9461,424.8382,0.2663,-0.0004,6.8794,0.3025,33.6618,4.0665,79.6439,92.5534,2.0321,6391.7368,0,54061981,41341.2,1706.9685,25381036.5,2535.1246,30272530,0.3481,1.3
88.5,4.8079,0.6895,0.668,47.2417,39.9982,64.9446,43.008,0.3388,6.9461,422.9356,0.2663,-0.0004,6.8794,0.3017,33.7767,4.0197,79.4777,92.5214,2.0906,6353.102,0,53454526.5,41341.2,2082.6239,25174181.5,2645.4132,30019610,0.3504,1.4
88,4.8079,0.6895,0.668,44.3847,39.9766,65.3574,42.9917,0.3388,6.9461,424.0395,0.2663,-0.0004,6.8794,0.3023,34.1084,3.9813,79.7937,92.4774,2.1053,6341.0332,0,52845034,41341.2,2082.4964,24973975.5,2767.8038,29765838.5,0.3496,1.6
88.7,4.8079,0.6895,0.668,38.115,40.004,67.1462,43.0056,0.3388,6.9461,422.5785,0.2663,-0.0004,6.8794,0.3028,33.5403,4.0462,79.7324,92.5046,2.0456,6355.1421,9.1399,52389073,41335.7325,2170.9025,24817954.5,2703.8194,29572641.5,0.3499,1.8
90.6,4.8079,0.6895,0.668,46.8036,40.0079,67.051,43.0096,0.3388,6.9461,426.5143,0.2663,-0.0004,6.8794,0.3038,33.7648,4.0178,79.8746,92.5354,2.0156,6724.2106,0,51924844,35257.91,1980.3958,24674705,2746.1021,29379657,0.3495,1.8
90.8,4.8079,0.6895,0.668,46.0441,40.025,65.5713,43.025,0.3388,6.9461,422.649,0.2663,-0.0004,6.8794,0.3024,33.1154,4.0972,79.1794,92.8382,2.0719,6785.4186,0,51275875,35257.91,1865.7169,24483494,2780.7067,29121647,0.3497,1.5
89.3,4.8079,0.6895,0.668,48.9992,39.9971,63.8328,44.9781,0.3388,6.9461,423.2874,0.2663,-0.0004,6.8794,0.2756,33.3871,3.3162,77.6206,92.9254,2.29,5041.4311,159.0719,50403612.5,35218.88,1524.4643,24154530,2636.9288,28668084.5,0.3516,1.4
88.3,4.8079,0.6895,0.668,52.4943,40.0293,64.0728,44.8035,0.3388,6.9461,423.7,0.2663,-0.0004,6.8794,0.2908,33.3339,3.622,78.6695,92.6327,2.1873,5162.7118,264.6298,50033578.5,35218.88,1445.9853,24032046.5,2537.4218,28478001,0.3504,1.3
88.4,4.8079,0.6895,0.668,49.5088,39.9518,64.8996,45.3861,0.3388,6.9461,426.1169,0.2663,-0.0004,6.8794,0.2923,33.0088,3.659,78.649,92.5974,2.2483,5200.9614,437.3342,49419540.5,35218.88,2173.8165,23821796.5,2743.0446,28166131,0.3493,1.4
88.7,4.8079,0.6895,0.668,46.7737,39.9961,65.0428,44.984,0.3388,6.9461,427.8877,0.2663,-0.0004,6.8794,0.3095,32.8175,4.1426,79.9316,92.6224,2.0489,5274.3382,510.9316,49155574.5,35218.88,2869.7678,23697931,2670.9494,28034490,0.3499,1.8
90.1,4.8079,0.6895,0.668,55.6228,40.0077,65.8893,44.9999,0.3388,6.9461,428.1624,0.2663,-0.0004,6.8794,0.3088,33.2422,4.0916,79.7435,92.5104,1.9948,6085.3911,589.1546,48608133.5,35202.84,2685.7317,23448025,2411.7595,27786805.5,0.3505,1.5
90.1,4.8079,0.6895,0.668,52.6571,40.0121,65.615,44.9913,0.3388,6.9461,426.4199,0.2663,-0.0004,6.8794,0.3082,33.6004,4.0504,78.9522,92.4474,1.9828,6253.7843,578.0544,48169286,35202.84,2005.3934,23274225.5,2494.2023,27609317,0.3514,1.4
89.9,4.8079,0.6895,0.668,53.186,40.0006,64.6709,45.0335,0.3388,6.9461,425.5769,0.2663,-0.0004,6.8794,0.3077,34.2969,3.9603,79.7025,92.4389,1.9266,6209.4436,563.2541,47571284.5,35202.84,2238.5024,23066807.5,2568.6671,27371243.5,0.3538,1.7
89.1,4.8079,0.6895,0.668,55.9611,40.0169,64.1577,45.0075,0.3388,6.9461,425.9029,0.2663,-0.0004,6.8794,0.312,33.641,4.0407,79.1299,92.567,2.0585,6223.526,552.1538,47119793.5,35202.84,2083.5309,22908148,2538.5385,27192363.5,0.3509,1.2
88,4.8079,0.6895,0.668,52.4215,39.9796,64.9965,43.2385,0.3388,6.9461,425.5619,0.2663,-0.0004,6.8794,0.3125,33.5623,4.0491,78.8552,92.6728,2.0546,6226.3645,537.3535,46517286.5,35202.84,2387.0994,22692527,2474.9688,26954900.5,0.3508,1
88.7,4.8079,0.6895,0.668,55.6279,39.9929,65.047,45.0168,0.3388,6.9461,425.8406,0.2663,-0.0004,6.8794,0.3123,33.6221,4.0401,78.8842,92.6003,2.0781,6246.7784,527.1475,46099710,35202.84,2308.9723,22544266.5,2481.7129,26789448.5,0.3517,1.6
89.3,4.8079,0.6895,0.668,55.1244,40.0211,62.3942,45.0023,0.3388,6.9461,424.3412,0.2663,-0.0004,6.8794,0.3129,33.5174,4.0573,79.141,92.6471,2.0616,6389.4313,511.453,45452010.5,35202.84,1909.1723,22316864,2587.1549,26532245,0.3539,1.6
87.6,4.8079,0.6895,0.668,54.2229,39.9845,62.9736,44.9976,0.3388,6.9461,421.0164,0.2663,-0.0004,6.8794,0.311,33.7197,4.0284,78.8522,92.4227,2.0436,6398.0067,500.3528,44993511.5,35202.84,2108.3392,22169414,2511.1907,26349152,0.3507,1.8
86.9,4.8079,0.6895,0.668,54.9145,40.0869,64.0046,44.3463,0.3388,6.9461,424.0904,0.2663,-0.0004,6.8794,0.3129,33.3689,4.0634,78.9718,92.5452,2.067,6303.5283,485.5524,44386165,35202.84,2536.9786,21960879.5,2390.787,26105537,0.3494,1.2
87.2,4.8079,0.6895,0.668,50.2467,39.9838,65.4323,45.0215,0.3388,6.9461,424.9192,0.2663,-0.0004,6.8794,0.3134,33.5995,4.0434,79.3431,92.5342,2.0629,6249.0524,448.5517,42854772.5,35198.03,2720.4021,21386838,2483.3639,25505031.5,0.3503,1.5
90.6,4.8079,0.6895,0.668,53.495,39.9773,66.3931,39.9846,0.3388,6.9461,418.4617,0.2663,-0.0004,6.8794,0.3107,32.8788,4.1303,79.547,92.5065,2.0676,6267.6362,422.6511,41794948.5,35198.03,2165.7261,21012620,2635.7027,25070896.5,0.3497,1
90,4.8079,0.6895,0.668,56.0918,40.0483,65.153,40.039,0.3388,6.9461,423.8945,0.2663,-0.0004,6.8794,0.3118,33.1732,4.0981,79.7843,92.6872,2.0064,6371.5888,407.8508,41185513.5,35198.03,2165.4727,20817902.5,2556.3088,24821784,0.3499,1.2
90.5,4.8079,0.6895,0.668,54.4146,39.9929,65.7026,39.9865,0.3388,6.9461,422.8066,0.2663,-0.0004,6.8794,0.3114,33.1483,4.0975,79.9048,92.5135,2.0479,6341.6143,396.7506,40727000.5,35198.03,2297.054,20657095,2440.649,24640827.5,0.3499,1.2
90.5,4.8079,0.6895,0.668,51.419,40.0106,64.308,39.996,0.3388,6.9461,417.5295,0.2663,-0.0004,6.8794,0.3104,32.8446,4.1352,79.2266,92.655,2.0871,6354.4076,393.2509,40583614,35198.03,2102.8525,20605194,2512.9052,24585991,0.3492,1
90.1,4.8079,0.6895,0.668,59.9113,39.5691,65.8179,39.9883,0.3388,6.9461,427.0115,0.2663,-0.0004,6.8794,0.3148,33.5149,4.0532,79.076,92.6977,1.9009,6496.8601,386.0203,40283685.5,35198.03,2228.3987,20501823.5,2534.1076,24470721.5,0.3505,1.6
90.4,4.8079,0.6895,0.668,57.5327,39.9933,65.9545,39.9891,0.3388,6.9461,425.2613,0.2663,-0.0004,6.8794,0.3136,33.2726,4.0844,80.0112,92.6519,2.0136,6348.1227,381.9502,40116572.5,35198.03,2118.9225,20440337.5,2497.5924,24404756,0.3499,1.1
91.6,4.8079,0.6895,0.668,56.181,40.0041,64.6695,39.972,0.3388,6.9461,428.7841,0.2663,-0.0004,6.8794,0.3139,33.7378,4.0249,80.3007,92.6012,1.9067,6496.3326,370.85,39659188,35198.03,2086.6458,20282561.5,2542.1314,24224447.5,0.3498,1.4
91.5,4.8079,0.6895,0.668,51.8999,39.8367,64.7539,40.0134,0.3388,6.9461,423.5904,0.2663,-0.0004,6.8794,0.3115,32.2319,4.209,79.602,92.6703,2.0926,5766.1767,356.0497,39104300.5,35198.03,1963.4491,20079793.5,2525.3636,23983692,0.3501,1.3
91.5,4.8079,0.6895,0.668,56.8489,40.0356,65.8274,39.9916,0.3388,6.9461,423.4693,0.2663,-0.0004,6.8794,0.3124,32.1313,4.226,-4269.4559,92.5991,2.0517,5568.5071,344.9495,38700518,35198.03,2196.861,19928196,2547.8828,23802714,0.35,1.3
91.3,4.8079,0.6895,0.668,55.1836,39.9278,64.9655,40.0183,0.3388,6.9461,425.7827,0.2663,-0.0004,6.8794,0.3133,32.7403,4.1412,-2815.0094,92.6841,2.0765,5560.656,330.1492,38165834,35198.03,2297.05,19722028.5,2598.896,23558687.5,0.3501,1.1
91.5,4.8079,0.6895,0.668,59.142,39.999,64.5815,40.0121,0.3388,6.9461,422.6083,0.2663,-0.0004,6.8794,0.3119,32.7256,4.1522,-2178.6887,92.5101,2.0229,2856.1748,323.674,37943490,35198.03,2142.3345,19631429,2575.1054,23452317,0.3501,1.2
91.3,4.8079,0.6895,0.668,58.0954,40.0184,64.6496,40.0074,0.3388,6.9461,421.8442,0.2663,-0.0004,6.8794,0.312,32.7977,4.1417,-1724.1741,92.73,2.0952,5669.7012,319.0489,37788025.5,35198.03,2215.7563,19566466.5,2653.0225,23376856.5,0.3497,1.2
91.1,4.8079,0.6895,0.668,56.5852,39.9922,66.2979,40.0246,0.3388,6.9461,428.1375,0.2663,-0.0004,6.8794,0.3147,32.6642,4.1558,55.2507,92.6531,2.0677,5696.1959,300.9417,37115348.57,35198.03,2543.9519,19307642.38,2631.4657,23077578.57,0.3502,1.2
91,4.8079,0.6895,0.668,54.6655,40.008,65.0687,39.9836,0.3388,6.9461,428.4225,0.2663,-0.0004,6.8794,0.3144,32.7917,4.1476,81.4932,92.6649,2.0947,5702.4041,278.3481,36273593,35198.03,2160.1724,18978420,2580.5679,22701916.5,0.35,1.3
91.7,4.8079,0.6895,0.668,62.742,39.9166,65.8191,39.9925,0.3388,6.9461,428.8859,0.2663,-0.0004,6.8794,0.3153,32.7119,4.1584,81.2856,92.5736,2.0517,6329.8894,267.4174,35840766,35197.62,2372.8975,18827727,2521.0265,22520405,0.35,1.8
91.6,4.8079,0.6895,0.668,55.4975,39.9411,64.7134,39.9771,0.3388,6.9461,427.4896,0.2663,-0.0004,6.8794,0.314,32.9113,4.1283,81.9629,92.6967,2.0927,6125.3206,252.4475,35236391.5,35197.62,2268.8535,18607849,2541.4311,22274021,0.3502,1.2
91.4,4.8079,0.6895,0.668,59.939,40.0385,66.0189,39.9643,0.3388,6.9461,428.4618,0.2663,-0.0004,6.8794,0.3138,33.0729,4.105,81.9527,92.5472,2.0937,6016.4323,241.3473,34791902.5,35197.62,2287.3547,18437953.5,2648.3666,22088716,0.3499,1.3
91.2,4.8079,0.6895,0.668,66.5767,40.0154,65.7682,40.029,0.3388,6.9461,424.1378,0.2663,-0.0004,6.8794,0.3102,33.1648,4.0955,81.4325,92.6453,2.0668,6131.976,548.1485,34200636,35187.56,2225.2441,18239507.5,2546.1029,21840250,0.3501,1.1
91.2,4.8079,0.6895,0.668,65.6742,39.9736,64.018,40.0506,0.3388,6.9461,426.4599,0.2663,-0.0004,6.8794,0.3116,33.1354,4.0983,81.7789,92.7634,2.0441,6134.1901,504.559,33755298.5,35187.56,1729.839,18093377.5,2715.6178,21651089.5,0.3503,1.4
91,4.8079,0.6895,0.668,57.0918,40.0469,64.3971,40.0093,0.3388,6.9461,425.4994,0.2663,-0.0004,6.8794,0.3133,33.074,4.1117,81.7884,92.753,2.0776,6045.8259,446.4398,33166473.5,35187.56,1736.978,17910157.5,2686.7575,21393713,0.3501,1.3
91.2,4.8079,0.6895,0.668,68.3428,40.0178,65.1083,39.9961,0.3388,6.9461,429.3495,0.2663,-0.0004,6.8794,0.3128,33.1484,4.1046,81.9862,92.7653,2.0503,6016.5593,402.8504,32727967,35187.56,1877.5921,17770768.5,2757.9628,21201935.5,0.3502,1.7
90.6,4.8079,0.6895,0.668,70.0238,40.0265,67.5546,39.9888,0.3388,6.9461,425.3481,0.2663,-0.0004,6.8794,0.3124,33.1714,4.0893,81.8333,92.7061,2.0087,6165.1399,344.7311,32214127,35187.56,2216.6306,17571410.5,2678.0395,20945797,0.35,1.7
91.2,4.8079,0.6895,0.668,67.0668,39.9357,65.659,40.0217,0.3388,6.9461,429.295,0.2663,-0.0004,6.8794,0.3144,33.5145,4.0516,81.6263,92.5979,2.0208,6073.2391,301.1417,31772916,35187.56,2239.9527,17416668,2644.0904,20753813,0.3499,1.3
90.5,4.8079,0.6895,0.668,61.9719,39.9587,64.8928,39.9916,0.3388,6.9461,423.1141,0.2663,-0.0004,6.8794,0.3109,31.9176,4.2588,81.7776,92.4825,2.0488,5919.5293,243.0224,31199096,35187.56,2051.0153,17230268,2649.3483,20496520.5,0.3501,1.3
90.4,4.8079,0.6895,0.668,57.3459,40.0151,65.6092,39.9971,0.3388,6.9461,424.8863,0.2663,-0.0004,6.8794,0.3108,32.1164,4.23,82.4365,92.6041,2.0921,5981.4821,199.433,30765595,35187.56,2272.1403,17077115,2702.6287,20305574,0.3502,1.2
90.9,4.8079,0.6895,0.668,63.8079,39.9525,65.9408,39.9702,0.3388,6.9461,426.9928,0.2663,-0.0004,6.8794,0.3141,32.2975,4.203,81.4664,92.6477,2.0351,5852.1666,167.933,28165948.75,35184.24,1968.6317,16099522.75,2734.3467,19096966.5,0.3496,1.4
90.5,4.8079,0.6895,0.668,63.5705,39.995,65.3993,39.9991,0.3388,6.9461,426.1777,0.2663,-0.0004,6.8794,0.3147,32.2525,4.2108,81.7227,92.815,2.0579,5951.7468,163.614,27884317.95,35184.24,1671.6934,16003325.38,2724.9019,18967792.56,0.3501,1.2
91.3,4.8079,0.6895,0.668,65.81,39.9818,67.7329,40.0207,0.3388,6.9461,423.0154,0.2663,-0.0004,6.8794,0.3131,32.0509,4.2392,80.6341,92.8283,2.1043,6011.3096,154.9693,27312404,35184.24,1931.4906,15811455.25,2639.7937,18712902.25,0.3504,1.6
91,4.8079,0.6895,0.668,67.0403,39.9052,66.4543,40.1488,0.3388,6.9461,429.362,0.2663,-0.0004,6.8794,0.3154,32.0837,4.2349,80.6577,92.9472,2.0605,5693.6715,148.4874,26883360.75,35184.24,2008.4846,15671913.25,2632.6376,18521890.75,0.35,1.3
91,4.8079,0.6895,0.668,64.8952,40.0003,62.6936,39.9875,0.3388,6.9461,427.8759,0.2663,-0.0004,6.8794,0.315,32.1342,4.2283,80.6925,92.6913,2.0381,0,139.845,26391860,35184.24,2055.8915,15474141.5,2761.8906,18265219,0.35,1.2
91.1,4.8079,0.6895,0.668,66.7962,40.0081,64.5506,40.0032,0.3388,6.9461,424.0659,0.2663,-0.0004,6.8794,0.314,32.3083,4.207,80.4657,92.6307,2.137,4823.5524,133.3631,26120658.25,35184.24,2050.1376,15336709,2654.2187,18072119.75,0.3501,1.2
90.6,4.8079,0.6895,0.668,69.7272,39.936,66.0732,40.0252,0.3388,6.9461,429.0547,0.2663,-0.0004,6.8794,0.3152,32.0853,4.2291,80.4436,92.6691,2.1499,4897.0868,124.7207,25655569.25,35184.24,2169.7173,15137504.25,2582.1745,17812448.25,0.3492,1.2
90.8,4.8079,0.6895,0.668,68.0062,39.929,66.2435,40.0084,0.3388,6.9461,425.6411,0.2663,-0.0004,6.8794,0.3149,32.2102,4.2145,80.1074,92.746,2.1531,4832.2169,118.2388,25307734,35184.24,1914.7364,15016904.5,2743.0851,17616920.5,0.3494,1.1
91.4,4.8079,0.6895,0.668,61.2688,39.9884,67.5315,40.0068,0.3388,6.9461,426.4862,0.2663,-0.0004,6.8794,0.3148,31.3114,4.3356,80.1404,92.6107,2.0334,5046.1281,109.5964,24839629.25,35184.24,1709.3738,14840874.75,2768.9971,17356942,0.35,1.1
90.6,4.8079,0.6895,0.668,79.7811,39.9219,0,40.0101,0.3388,6.9461,425.2138,0.2663,-0.0004,6.8794,0.3143,31.2735,4.344,79.9767,92.6309,2.0982,5473.3038,103.1145,24460272.75,35184.24,2023.12,14702220,2663.0549,17162832,0.351,1.6
90.3,4.8079,0.6895,0.668,75.7733,40.0367,0,39.9853,0.3388,6.9461,424.5761,0.2663,-0.0004,6.8794,0.3147,31.1115,4.3842,80.3454,92.6172,2.1273,5723.3639,94.472,23916458,35184.24,2243.9139,14511947.75,2777.0136,16900077.5,0.3502,1.1
90.8,4.8079,0.6895,0.668,71.9673,40.0583,0,40.0063,0.3388,6.9461,427.1443,0.2663,-0.0004,6.8794,0.3163,31.2191,4.3829,80.3838,92.6788,2.0922,5806.7674,87.9902,23505692.25,35184.24,1839.2565,14370999,2789.6354,16701685,0.3501,1.2
90.1,4.8079,0.6895,0.668,78.2573,39.9456,13.4006,40.0044,0.3388,6.9461,427.9095,0.2663,-0.0004,6.8794,0.3159,31.1291,4.3924,80.8657,92.6224,2.1257,5759.276,79.3477,22953696.25,35184.24,2187.8429,14180670.75,2819.4769,16437846,0.3506,1.2
90.2,4.8079,0.6895,0.668,76.7764,40.0126,0,39.9736,0.3388,6.9461,425.571,0.2663,-0.0004,6.8794,0.3149,30.5596,4.4813,80.8311,92.5928,2.0846,5864.329,75.0265,22672624.75,35184.24,1762.384,14083471.5,2818.9674,16305306.25,0.3501,1.3
90.1,4.8079,0.6895,0.668,76.7393,39.9183,0,40.0338,0.3388,6.9461,426.9155,0.2663,-0.0004,6.8794,0.3158,30.3556,4.5065,81.1372,92.6544,2.1427,5836.403,70.7053,22391009,35184.24,2208.476,13987527.75,2809.532,16173974.75,0.3488,1.1
90.1,4.8079,0.6895,0.668,70.4811,39.9845,0,40.0158,0.3388,6.9461,426.0325,0.2663,-0.0004,6.8794,0.3144,30.4908,4.4588,82.5662,92.5789,2.1361,5886.3105,64.2234,21968849.75,35184.24,1870.1279,13849029.5,2826.4573,15974456.25,0.3497,1.1
89.6,4.8079,0.6895,0.668,68.2012,39.9478,0,39.9961,0.3388,6.9461,428.6235,0.2663,-0.0004,6.8794,0.3145,30.3875,4.4711,82.6091,92.6756,2.0892,5712.9216,59.9022,21687229.75,35184.24,2148.5357,13756896.5,2779.4798,15841592,0.3497,1.1
89.6,4.8079,0.6895,0.668,71.7646,39.9897,0,40.0182,0.3388,6.9461,425.3566,0.2663,-0.0004,6.8794,0.3136,30.3448,4.4752,82.3984,92.5423,2.1293,5811.7715,55.581,21406552,35184.24,2094.0994,13656657,2798.912,15708442.5,0.3494,0.9
89.7,4.8079,0.6895,0.668,69.7652,40.0244,0,40.0203,0.3388,6.9461,427.0535,0.2663,-0.0004,6.8794,0.3163,30.3667,4.4719,82.5543,92.6065,2.192,5738.6769,49.0991,20989513,35184.24,2222.4105,13498004,2867.07,15510171.75,0.3489,1.4
89.4,4.8079,0.6895,0.668,75.9897,40.0612,0,40.0348,0.3388,6.9461,422.414,0.2663,-0.0004,6.8794,0.3145,30.542,4.4503,82.5719,92.5238,2.0891,5634.0697,42.6173,20577417.25,35184.24,2234.52,13337000,2644.6513,15311012.75,0.3501,1.6
89.1,4.8079,0.6895,0.668,73.1339,39.9976,0,40.0358,0.3388,6.9461,428.7567,0.2663,-0.0004,6.8794,0.3156,30.7356,4.4157,82.7649,92.6594,2.0953,4574.8585,40.4566,20448509.25,35184.24,2677.4615,13290900.25,2649.5962,15245137.75,0.3505,1.5
89.4,4.8079,0.6895,0.668,80.1134,39.9751,0,40.0133,0.3388,6.9461,430.1352,0.2663,-0.0004,6.8794,0.3151,30.7309,4.4238,82.5708,92.6794,2.0949,4535.729,33.9748,20123301.5,35184.24,2640.8317,13110559.25,2695.488,15048687.75,0.3506,1.3
89.2,4.8079,0.6895,0.668,79.6286,40.0712,0,39.9873,0.3388,6.9461,425.1537,0.2663,-0.0004,6.8794,0.3155,30.8253,4.4094,82.802,92.5082,2.1427,4618.1022,29.6536,19900936.75,35184.24,2320.5734,13001324.25,2822.5333,14916449,0.3502,1.3
89.2,4.8079,0.6895,0.668,75.5622,40.024,0,39.9765,0.3388,6.9461,426.1967,0.2663,-0.0004,6.8794,0.3133,30.9791,4.3859,83.0365,92.5465,2.089,4537.5956,25.3323,19676421.5,35184.24,2372.1398,12899241.5,2853.6145,14783960,0.3506,1.8
88.6,4.8079,0.6895,0.668,80.6813,40.023,0.3197,40.0856,0.3388,6.9461,431.3236,0.2663,-0.0004,6.8794,0.3154,30.858,4.4028,82.697,92.7663,2.0706,4449.7943,18.8505,19345920.75,35184.24,2464.1719,12749296,2759.7796,14585254.25,0.3505,1.5
89.1,4.8079,0.6895,0.668,71.3409,39.9348,0,39.9789,0.3388,6.9461,424.0596,0.2663,-0.0004,6.8794,0.3131,31.261,4.351,83.0442,92.6434,2.1289,4605.1186,14.5293,19129986.75,35184.24,2057.1086,12644481.75,2743.4679,14452396,0.3501,1.5
89.3,4.8079,0.6895,0.668,81.8679,40.022,0,40.0117,0.3388,6.9461,427.5908,0.2663,-0.0004,6.8794,0.3143,31.373,4.3239,83.2122,92.7104,2.1393,4605.3506,10.208,18910360.25,35184.24,2267.1255,12539672.5,2748.0666,14319369.5,0.3497,1.7
88.4,4.8079,0.6895,0.668,77.3082,40.009,0,40.0262,0.3388,6.9461,429.3344,0.2663,-0.0004,6.8794,0.3151,31.575,4.2951,83.0426,92.654,2.093,4614.7578,3.7262,18577531.75,35184.24,2334.5305,12384515.75,2801.8809,14118940.75,0.3496,0.8
88.5,4.8079,0.6895,0.668,75.5621,39.9333,0,40.087,0.3388,6.9461,426.6926,0.2663,-0.0004,6.8794,0.3133,30.0148,4.5269,83.2502,92.6814,2.1512,4479.2029,75.3837,18358073,35176.4,2411.5113,12288086.75,2847.4823,13985860.25,0.3507,1.4
87.6,4.8079,0.6895,0.668,81.4024,40.0246,0,39.9865,0.3388,6.9461,430.1065,0.2663,-0.0004,6.8794,0.3156,29.869,4.5474,83.4705,92.8176,2.1381,5353.6042,84.5566,18113489.25,35176.4,2129.0066,12179148.75,2793.7108,13853936.75,0.3501,1
85.3,4.8079,0.6895,0.668,75.1418,39.924,0,40.0112,0.3388,6.9461,423.9297,0.2663,-0.0004,6.8794,0.314,30.2718,4.4851,83.5727,92.698,2.1429,5252.5437,98.316,17730957.5,35176.32,2134.354,12018229,2816.4838,13658326.5,0.3497,0.2
88.7,4.8079,0.6895,0.668,76.9678,39.988,0,40.0075,0.3388,6.9461,431.8422,0.2663,-0.0004,6.8794,0.3157,30.3373,4.4774,83.5854,92.6302,2.0594,4215.4241,107.489,17511457.75,35176.32,3152.4495,11889682.75,2414.9011,13540843.75,0.3495,1.5
88.6,4.8079,0.6895,0.668,78.4102,40.0461,0,40.0456,0.3388,6.9461,429.1216,0.2663,-0.0004,6.8794,0.3145,30.275,4.4889,83.3514,92.6111,2.1506,4359.4013,116.6619,17304733,35176.32,2710.8245,11753628.25,2327.8829,13429889.5,0.3502,1.5
88.7,4.8079,0.6895,0.668,72.1699,40.016,0,40.0084,0.3388,6.9461,424.9905,0.2663,-0.0004,6.8794,0.312,30.525,4.4461,83.2305,92.556,2.0333,4836.3294,130.4213,16991653.75,35176.32,2813.7504,11571163,2363.088,13262849,0.3492,1.2
89,4.8079,0.6895,0.668,73.6894,39.9563,0,40.0062,0.3388,6.9461,428.0065,0.2663,-0.0004,6.8794,0.3141,30.4597,4.4569,83.4174,92.6033,2.0203,5023.1895,139.5942,16752962.5,35176.32,2810.0112,11435455.25,2358.7704,13152564.5,0.35,1.5
88.4,4.8079,0.6895,0.668,72.6311,40.0062,0,39.9918,0.3388,6.9461,425.2771,0.2663,-0.0004,6.8794,0.3092,28.9551,4.6701,62.7684,92.5268,2.1397,4966.7886,148.7671,16510382.75,35176.32,2868.7913,11301609.5,2241.5271,13040266,0.3491,1.2
88.7,4.8079,0.6895,0.668,75.7062,40.0198,1.6257,39.7773,0.3388,6.9461,428.0863,0.2663,-0.0004,6.8794,0.2995,28.0891,4.6559,63.7726,92.6725,2.294,5044.6436,162.5265,16141896.25,35176.32,2446.9747,11106498.5,2321.1612,12875202.5,0.3501,1.4
88.2,4.8079,0.6895,0.668,73.004,40.0825,2.3835,39.7331,0.3388,6.9461,427.1605,0.2663,-0.0004,6.8794,0.2941,28.15,4.6431,78.9671,92.777,2.2879,5151.3945,171.6994,15901220.5,35176.32,2823.2619,10977081.25,2374.1584,12764824.75,0.3511,1.8
88.2,4.8079,0.6895,0.668,85.6442,39.9255,1.1876,40.0003,0.3388,6.9461,429.9063,0.2663,-0.0004,6.8794,0.2955,27.9882,4.6738,79.0372,92.8008,2.2863,5090.6406,180.8723,15655932.5,35176.32,2474.0816,10844122.25,2765.5309,12641891.25,0.3503,1.1
87.8,4.8079,0.6895,0.668,62.999,39.983,66.7408,39.9925,0.3388,6.9461,427.1934,0.2663,-0.0004,6.8794,0.2941,28.4186,4.5918,78.9665,92.8186,2.254,4901.5314,194.6317,15292333,35176.32,3209.1848,10648246,2517.7823,12449153.25,0.3514,1.8
87.9,4.8079,0.6895,0.668,56.8852,39.9948,65.8178,39.9726,0.3388,6.9461,428.6215,0.2663,-0.0004,6.8794,0.2992,27.6751,4.7148,79.0982,92.8331,2.23,2664.8405,203.8046,15126132.75,35176.32,2129.5954,10527908,2599.0249,12323582.5,0.3501,1.3
87.5,4.8079,0.6895,0.668,62.7364,40.002,66.6007,39.9847,0.3388,6.9461,428.4456,0.2663,-0.0004,6.8794,0.2924,28.1806,4.6272,78.9282,92.4258,2.2432,2653.675,212.9776,14995021.75,35176.32,2475.2108,10414871.75,2670.6264,12194870.75,0.35,1.8
88.6,4.8079,0.6895,0.668,60.2462,39.9589,63.6954,40.0024,0.3388,6.9461,429.8073,0.2663,-0.0004,6.8794,0.2184,29.6937,3.0488,75.65,97.301,2.1466,2684.9831,286.2793,14669730.25,35144.02,1624.4234,10167891,2635.4128,11872175.5,0.35,1.4
89.1,4.8079,0.6895,0.668,63.5209,40.0365,66.8364,39.9857,0.3388,6.9461,429.1947,0.2663,-0.0004,6.8794,0.2725,29.5633,3.9725,77.5757,92.7153,2.1604,2764.6936,51.6519,14337840,35111.53,2531.8787,9924614.7,2676.4738,11547778.25,0.3512,1.4
89.8,4.8079,0.6895,0.668,72.8919,40.003,66.5226,39.9908,0.3388,6.9461,424.1921,0.2663,-0.0004,6.8794,0.2892,29.7208,4.397,78.8354,92.8327,2.1386,2658.9295,48.1743,14208477,35111.53,2663.98,9804525.125,2630.9974,11421324.25,0.3501,1.3
90.4,4.8079,0.6895,0.668,74.5179,39.9883,69.1778,39.9933,0.3388,6.9461,425.3579,0.2663,-0.0004,6.8794,0.2896,28.9344,4.523,78.7555,92.7253,2.3105,2788.4502,44.6967,14078238.5,35111.53,2518.1959,9685619.875,2488.0827,11299569.75,0.3505,1.4
89.2,4.8079,0.6895,0.668,62.7185,39.9675,64.0233,39.993,0.3388,6.9461,425.4636,0.2663,-0.0004,6.8794,0.2892,28.8782,4.5312,78.6128,92.7834,2.3073,2506.123,39.4804,13885868.75,35111.53,3138.2746,9505714.3,2421.7492,11114538.25,0.3502,1.1
89.4,4.8079,0.6895,0.668,62.8064,40.031,66.4619,39.9946,0.3388,6.9461,424.7753,0.2663,-0.0004,6.8794,0.29,28.2538,4.6356,78.9146,92.6573,2.2751,2617.9081,36.0028,13756816.5,35111.53,2754.8759,9386056.75,2240.6198,10993532.75,0.3507,1.2
89.4,4.8079,0.6895,0.668,62.3081,40.0318,66.2459,39.9829,0.3388,6.9461,421.963,0.2663,-0.0004,6.8794,0.2901,24.3951,5.3631,79.5425,92.6756,2.2914,2539.7225,32.5252,13630324.25,35111.53,2161.7453,9268889.35,2525.3144,10874423.25,0.3502,1
90.2,4.7998,290.7111,388.0668,35.2366,40.0366,167.0768,39.0028,377.716,348.8597,426.3335,168.7642,110.9007,139.3163,0.2829,23.1339,5.6508,75.9698,92.2694,2.3603,4816.9608,153.0111,2956631.225,32233.03,1685.075,2731029.7,2725.6621,3671017.625,0.35,1.3
90,4.8042,265.0814,357.9949,39.9176,40.0441,144.1678,38.9987,365.1118,345.3942,419.7979,161.6699,108.4126,134.1518,0.2799,23.0848,5.6677,76.0208,92.3307,2.3155,4842.3269,195.9233,2603881.575,31686.7285,2549.5652,2579016.375,2579.2209,3486488.5,0.3495,1.2
89.8,4.778,275.9699,367.9624,25.9379,40.02,135.7268,39.001,371.7519,349.1943,423.4233,166.3326,112.7179,138.961,0.2793,22.7541,5.7381,76.0119,92.2531,2.3377,0,20.3707,2524476,31666.81,1984.242,2474899.125,2473.0677,3364253.35,0.2938,1.1
88.8,4.8052,273.1483,364.4918,31.6653,39.9646,149.6666,38.9946,370.5297,349.2437,422.9578,165.1253,112.0703,137.9535,0.2804,22.8365,5.7223,75.9135,92.2938,2.3403,4223.7043,69.3782,2387941.85,31666.32,1974.8792,2374792.45,2697.5435,3240118.325,-0.2194,1
89.3,4.7914,274.5161,369.3341,30.7002,39.9954,142.6279,38.9935,373.8152,353.5153,426.8473,165.1631,113.1599,138.6313,0.283,22.6516,5.7715,75.9924,92.3351,2.3008,4323.3975,192.7892,2076277.825,31666.32,2186.5349,2225012.525,2409.5192,3055705.625,-0.9891,1
89.7,4.8031,273.9214,370.9047,31.7302,40.0446,144.8527,39.0108,370.4927,351.1834,423.5536,165.7615,114.7114,139.4999,0.2852,22.7456,5.8299,76.0915,92.365,2.2484,4448.1521,217.0999,1864743.525,31652.8665,2150.9583,2130204.9,2521.0976,2932628.325,-1.5023,1.5
89.6,4.7825,275.6677,376.163,28.3856,39.9998,132.4049,38.9843,367.2777,350.8365,422.5358,164.9525,115.7921,139.1838,0.2828,22.9879,5.6854,75.8726,92.4236,2.25,4448.6187,184.6632,1651840.075,31651.67,1650.0646,2032650.475,2583.0207,2811629.05,-2.0155,0.6
89.5,4.7904,277.4536,380.4934,50.8977,40.0533,128.9155,38.9913,370.992,353.0088,424.8397,165.4934,115.3094,139.5463,0.2834,23.037,5.7051,75.959,92.4707,2.2813,4413.5165,143.0459,1333628.125,31651.67,2032.8364,1884752.6,2406.876,2634102.75,-2.7853,1
89,4.8071,272.6782,372.6551,43.4772,40.0584,137.3503,39.0021,369.4026,353.4503,424.6062,162.384,113.2942,136.8356,0.2852,23.2294,5.6335,75.8026,92.422,2.3084,4311.0072,115.301,1123017.125,31651.67,1774.032,1786117,2649.7633,2513792.8,-3.2985,1.1
88.7,4.7767,277.9478,375.9233,48.3873,40.0525,127.1372,39.0026,366.9245,351.8031,422.9431,162.4274,114.186,137.1368,0.2821,23.2261,5.6217,75.9891,92.2816,2.2615,6116.1614,108.3033,907103.575,31648.03,1787.6568,1690238.875,2625.8083,2392692,-3.8116,1
89.1,4.8061,279.98,379.3427,31.5201,39.9709,110.7435,38.9721,369.2721,353.6074,425.4017,162.906,113.992,137.2151,0.283,23.4379,5.5692,75.8619,92.2704,2.3086,0,1093.1202,617897.7,31648.03,1774.4105,1558935.275,2699.3176,2202807.45,-4.5814,0.9
89,4.8009,284.7123,378.1224,27.8265,39.9751,94.9747,39.0083,369.5769,353.7409,424.9598,164.9074,116.8866,139.6396,0.282,23.4916,5.5592,75.7746,92.0822,2.247,3801.7944,745.5217,591505.95,31613.83,1688.412,1477246.275,2558.6828,2078546.675,-5.0946,0.9
89.8,4.7935,277.713,373.112,35.3118,40.0462,82.7129,39.0104,369.8776,356.495,427.173,163.0938,116.3285,138.3856,0.284,23.2818,5.6041,75.787,92.1536,2.3347,3659.5524,487.2437,390529.0425,31613.83,1668.783,1390738.25,2686.6894,1950261.85,-5.6078,1.7
89.4,4.7928,263.1873,354.6465,33.8792,39.9896,37.4251,39.006,367.6293,355.4234,425.1496,161.5895,115.3475,137.2172,0.2832,23.8247,5.4833,75.6055,92.1817,2.3136,4678.7228,2120.8727,71171.384,31610.095,2093.7792,1251598.85,2690.3328,1759431.525,-6.3775,1.2
89.9,4.7866,273.5404,364.9819,46.1879,40.1005,0.2267,39.0043,368.196,355.5929,424.5947,162.6945,116.8841,138.8007,0.2841,23.8552,5.4769,75.5718,92.1799,2.2899,0,138.4656,0,30767.06,2010.4465,1158509.6,2534.7542,1633881.325,-6.8907,1
90.1,4.8003,270.4416,362.7734,34.0618,39.9805,24.0036,38.9929,369.56,357.0617,426.3221,161.7857,115.9344,137.8811,0.2836,23.7931,5.4887,75.5183,92.1472,2.2952,0,253.5902,0,30765.95,2534.8301,1060843.425,2228.917,1509347.15,-7.4039,1.1
90.2,4.8025,285.1243,376.8689,25.7051,39.9929,45.8231,39.0136,365.6672,352.4514,421.7944,164.1151,118.6201,140.5406,0.2888,24.0844,5.6288,76.2111,92.1813,2.3444,0,873.0709,0,30764.67,2177.5577,920476.915,2211.8599,1324105.5,-8.1737,1
89.8,4.7806,276.4587,368.6873,28.2995,39.9528,0,38.9912,368.1158,356.4442,425.569,163.1347,118.4786,139.661,0.285,23.9998,5.4487,75.3828,92.1817,2.3157,0,1286.0581,0,30764.4,1870.5876,834236.575,2658.0877,1202268.775,-8.6869,1.1
90.1,4.8034,280.8221,381.8104,42.1692,39.9018,215.2937,38.9954,368.0146,356.0133,424.6979,164.7838,120.1282,141.1611,0.29,24.3257,5.5758,76.1975,92.3727,2.4089,0,1699.0452,0,30764.4,1752.9572,748045.6175,2495.5892,1077252.7,-9.2,0.5
89.8,4.8056,269.1861,363.9009,37.1358,39.9813,226.9726,45.0099,368.9013,358.726,426.8509,161.2509,117.5559,138.2742,0.2841,24.1463,5.435,75.6739,92.2585,2.326,0,501.6631,0,30516.023,2205.0058,603192.645,2410.9773,894163.6125,-9.9698,1.3
90,4.804,266.5357,359.3121,33.9888,40.0038,222.2826,44.9949,364.6892,356.062,423.8723,160.2697,117.8151,137.7175,0.2838,24.3509,5.4097,75.7205,92.3155,2.3172,0,3.1452,0,30505.0393,2020.3388,502582.0525,2650.5839,771023.68,-10.483,1.2
89.7,4.7901,268.025,361.2193,52.1927,40.0363,229.8343,45.0116,368.3128,358.4304,425.9981,161.5217,118.9853,138.9732,0.2858,24.2481,5.3877,75.4764,92.3088,2.3532,246.7539,90.7107,0,30502.51,1864.9676,435921.285,2497.9519,677304.2175,-10.8679,1.4
89.4,4.7819,277.222,369.1832,31.3198,39.7407,229.4921,45.012,368.9367,356.967,425.7151,161.4415,117.4072,138.325,0.2957,24.374,5.7692,76.8487,92.2841,2.3504,55.8295,295.0301,0,30502.51,2003.6014,270826.7725,2576.9467,466682.3,-11.7659,1
89.9,4.7903,276.3184,370.2712,26.3793,39.7615,234.9129,45.0256,363.9623,354.1275,422.2616,159.4118,116.4678,136.6,0.2936,24.3546,5.7633,76.7536,92.3343,2.3328,97.9826,411.7841,0,30501.38,1789.5281,179724.9075,2522.7988,343776.705,-12.2791,1
89.1,4.8026,274.8114,364.2383,31.3388,40.0673,225.3217,45.0055,363.3928,356.4756,424.6774,151.8334,109.1693,129.2417,0.2868,24.4618,5.4233,75.5748,92.3755,2.3756,64.4371,528.538,0,30501.38,1272.6278,108322.1125,2388.3823,231620.1225,-12.7923,0.4
90.1,4.8053,276.5201,369.9821,37.0366,40.0141,213.5276,44.9959,365.4636,357.7448,425.1819,153.2739,110.5767,130.4874,0.2908,24.7221,5.4852,76.0863,92.4018,2.3188,98.7634,703.669,0,30501.38,1265.2549,18838.0443,2760.1565,40440.859,-13.5621,1.1
88.8,4.7961,266.2617,357.0183,26.2847,39.8652,227.2824,44.9974,362.2651,355.7357,420.9603,151.2924,109.8602,129.9633,0.2862,24.5327,5.3299,75.4609,92.3983,2.3475,123.0401,820.4229,0,30501.38,2820.995,0,1267.0231,0,-14.0753,1.1
88.3,4.7062,255.9485,340.0377,73.8696,39.8701,231.0202,45.0018,365.0008,359.9004,424.6216,149.6199,110.7469,129.7098,0.2963,25.043,5.0817,74.8289,92.1591,2.3539,76.1058,937.1769,0,30501.38,565.6439,0,4.1022,0,-14.5884,1.1
87.3,5.7811,241.6167,338.5769,23.7392,45.0067,0,45.0006,368.9491,355.3224,425.7395,147.7883,98.1309,123.6211,0.2815,22.4188,5.3853,12579.2948,93.0071,2.1763,0,78.8773,123609700,2562289,61.5611,17490050.25,507.1013,21426158.5,-32.0366,1.3
87.5,5.8013,248.5076,348.5271,33.9608,44.9371,0,45.0049,368.6444,353.8494,425.4592,147.7855,96.4282,122.717,0.2839,24.1563,5.1992,13547.0318,93.0899,2.1807,0,0,123609700,2562286,186.4769,17477200.75,551.0165,21400789.5,-32.5498,0.9
87.5,5.7923,245.0975,343.8754,37.3794,45.007,0,45.0087,368.8103,354.6343,425.678,147.8454,97.0484,123.2261,0.2825,26.4419,4.7516,14865.289,93.1621,2.1809,0,0,123609700,2562286,979.5649,17413340,280.1002,21379167.5,-33.3196,1.3
87.8,5.7786,239.313,345.7321,46.3944,44.9565,0,44.9707,370.7755,354.9305,428.3894,147.4149,95.1992,121.1407,0.2795,26.3382,4.7697,14949.3423,93.4124,2.2794,4292.3293,0,123539802.5,2562286,2507.8356,17351323,2518.0766,21306468,-33.8328,1.5
90.6,5.7779,230.4713,331.4303,36.0788,45.0709,0,45.0124,375.3739,358.478,429.6093,162.1492,113.8078,136.7274,0.2788,26.5978,4.7272,14932.9298,93.2061,2.3125,4368.805,0,123331160,2562286,1836.2218,17260328,2683.0167,21177925.25,-34.3459,1.5
90.2,5.7626,227.3952,328.4538,40.0533,45.0286,0,44.8958,374.8724,358.9619,429.9805,160.9029,112.8983,135.9242,0.2793,28.2668,4.4465,16355.4538,93.1406,2.2931,4248.0035,0,123016807.5,2562286,1870.5501,17144745.75,2627.1498,20987765.5,-35.1157,0.7
90.4,5.8019,242.4571,345.4409,44.7739,45.0062,0,44.8681,375.1095,356.1575,427.1477,166.2789,117.1587,140.5332,0.2884,28.4667,4.6621,15419.1875,93.1396,2.3771,4448.8392,0,122806312.5,2562286,1565.8835,17064649.5,2641.7594,20859358.75,-35.6289,0.7
90.3,5.7985,226.8418,337.5066,53.951,45.021,0,44.8091,375.1096,357.4954,427.6791,164.668,116.2464,139.3094,0.2839,28.4641,4.556,16114.9348,94.0441,2.3498,4478.5548,0,122589837.5,2562286,1719.9525,16984297.75,2651.7375,20733282.5,-36.1421,1.2
89.3,5.7923,224.9888,329.4287,54.5273,45.0299,0,44.8632,377.9936,360.2835,432.09,163.683,114.6797,138.3252,0.2868,29.5619,4.4855,16909.1505,93.329,2.365,4470.2932,0,122264910,2562286,2182.8888,16852639,2739.9617,20544028.5,-36.9119,1
89.9,5.7902,236.6988,337.951,40.6896,45.0224,0,45.0803,376.9646,358.8241,430.0723,164.9278,115.7328,139.473,0.2887,29.6831,4.5048,17067.291,93.1463,2.2937,4566.8572,0,122047487.5,2562286,1841.1063,16751408.25,2711.9754,20415912.25,-37.425,1.4
89.4,5.7886,226.2866,332.2053,38.8999,45.0506,0,44.9086,375.583,359.7312,430.5943,162.5018,114.364,137.5604,0.2834,29.6854,4.4541,17133.096,93.18,2.31,4587.6483,0,121828380,2562286,2512.7801,16643129.75,2520.9242,20290053.5,-37.9382,1.1
90,5.7761,234.9177,336.1728,52.0367,45.0273,0,44.5339,376.5032,359.7093,430.0793,163.7309,115.3843,138.5704,0.2838,29.518,4.4895,16955.7788,93.1365,2.3655,4436.8556,0,121497952.5,2562286,2201.8628,16494466,2628.2208,20105326.75,-38.708,1.3
89.9,5.7772,240.3957,341.7922,54.7343,44.9516,0,45.0076,376.7326,359.5587,429.8093,164.9887,116.7545,139.8324,0.2843,29.404,4.5085,17126.9965,93.1695,2.3968,4658.1934,0,121275385,2562286,1921.2761,16393210.25,2664.2067,19980341.25,-39.2212,1.4
89.7,5.7575,240.4221,337.7767,45.8467,45.0431,0,44.8906,377.2754,360.6169,430.7791,164.5748,116.2989,139.678,0.2856,29.3321,4.5661,16868.6798,93.0398,2.3402,4628.2707,0,121049567.5,2562286,2307.2377,16300353.25,2499.1691,19855202.25,-39.7343,1.2
89.7,5.7966,237.9267,334.5919,69.7586,44.9953,0,44.9054,376.5917,361.0039,430.1473,164.2077,116.8683,139.6404,0.2807,30.0174,4.3915,17370.1488,93.0683,2.4146,4762.283,0,120707405,2562286,1957.8449,16158472,2593.1298,19666046.5,-40.5041,1.3
89.7,5.7952,238.8604,338.7272,51.6462,45.0394,0,45.1213,374.6337,358.4217,428.7091,164.7196,117.1593,140.0842,0.2852,29.5469,4.5899,16838.7368,93.0813,2.3333,4907.8512,0,120479917.5,2562286,1938.7469,16072746.25,2674.8568,19539322.75,-41.0173,1.4
89.7,5.7944,248.5666,349.2431,50.7345,44.9651,0,45.0305,374.8235,359.1391,428.8908,165.5572,118.312,141.149,0.287,29.1411,4.6863,16877.629,93.1046,2.4487,4834.9869,0,120249715,2562286,2011.9384,15981769.5,2418.1918,19413720.25,-41.5305,1.4
89.6,5.7903,242.0272,346.7369,64.3438,44.9962,0,44.9285,372.5029,356.8569,426.9864,163.6755,116.9712,139.6621,0.2926,29.664,4.6519,16583.3208,93.2546,2.3383,4748.1321,0,119903505,2562286,1737.3482,15865894,2612.7516,19222006.75,-42.3003,1.3
89.2,5.7929,243.7486,351.595,60.1302,45.0352,0,44.806,372.9718,357.6159,425.8614,163.7952,118.0301,139.949,0.287,29.5195,4.5271,16982.7608,93.4874,2.266,4850.9008,144.5918,119677975,2562284,1559.5738,15786836.25,2684.3865,19095023,-42.8134,1.1
89.4,5.7803,241.8165,352.7214,74.0244,45.0662,0,45.4979,373.9319,359.6479,429.2321,161.9949,116.3559,138.2374,0.2897,28.8947,4.7023,16455.3255,93.6124,2.3693,4773.7687,1845.3972,119448257.5,2561772.425,1902.8476,15699147.5,2732.6473,18967003,-43.3266,1.4
89.4,5.7681,227.9631,336.726,63.6704,45.0484,0,44.7601,371.9363,359.3673,426.5625,158.7862,115.078,135.9926,0.2805,28.8199,4.3573,16218.783,93.4839,2.3186,4915.9393,37.3917,119095455,2561072,1841.24,15565640.75,2582.6129,18783776.75,-44.0964,1
90,5.759,241.193,341.4051,72.336,39.7957,0,45.062,371.2255,360.3389,429.4695,143.672,96.6223,119.8199,0.2834,28.6472,4.3867,16169.733,92.9686,2.4488,4083.5726,0,118887030,2561072,1845.5007,15477107.25,2584.3966,18658234,-44.6096,1
91.1,5.7879,223.6029,322.0956,62.7803,40.0078,0,45.0471,371.7221,360.8555,428.5827,156.186,113.9842,133.8748,0.2815,28.8267,4.3282,16071.3553,93.1115,2.4649,2688.1063,0,118699925,2561072,1590.6126,15378956.5,2883.7183,18543220.5,-45.1228,1.1
90.9,5.7926,226.7138,323.8205,43.1309,40.0632,0,45.1718,375.0292,362.1907,430.1881,160.2867,117.0408,138.0268,0.2821,29.5293,4.2665,16794.0838,93.0031,2.376,2719.8136,0,118505297.5,2561072,2226.195,15234688.25,2185.1766,18361517.75,-45.8925,1.1
90.9,5.7888,230.0496,327.8098,56.4614,40.0849,0,44.9916,375.5645,363.5381,431.377,160.3035,117.0696,137.7363,0.2799,29.3232,4.2803,16832.181,92.9844,2.3629,0,0,118379200,2561072,2141.551,15123808,2232.8054,18255639.75,-46.4057,1.1
91,5.7905,220.5426,322.5708,41.0531,40.1146,0,44.9359,372.122,361.9885,429.2351,158.7187,116.6809,136.4798,0.2801,30.137,4.1362,17236.9963,93.0488,2.391,0,0,118379200,2561072,1856.0054,15033653.25,2510.9334,18137069.5,-46.9189,1.1
91,5.7911,231.6082,332.0135,32.323,40.0348,0,45.003,372.2646,360.2971,428.5496,159.7978,116.5135,137.1036,0.2886,29.5251,4.427,16893.8425,92.9213,2.2608,2928.6772,0,118286635,2561072,1945.4287,14902943.75,2365.2332,17963158.5,-47.6887,1.2
90.8,5.778,227.4711,328.3571,39.3082,40.0301,0,45.0204,370.9896,360.3239,427.885,158.6213,116.7513,136.7751,0.2811,29.5141,4.3293,17213.8125,93.2237,2.2685,3474.0731,0,118128110,2561072,1944.7036,14822738,2113.5725,17848509.5,-48.2018,1.2
90.8,5.7766,230.1467,328.1572,41.147,40.0225,0,45.0053,373.7218,361.8208,428.9919,160.4246,117.8146,138.3093,0.2838,28.1989,4.6281,16199.913,93.0883,2.2686,3618.7866,0,117966370,2561072,2346.2938,14729725.75,2146.5511,17745482.75,-48.715,1.3
90.7,5.7676,232.7372,331.4873,35.2716,40.0285,0,44.9982,372.8119,362.2024,428.8983,160.7614,118.7826,138.8573,0.2869,29.2783,4.4607,16676.6808,93.0695,2.3462,3607.6113,0,117708865,2561072,1995.0406,14574512,2261.7765,17592268.25,-49.4848,1.2
90.7,5.7648,233.0073,331.0706,36.2971,39.9512,0,45.1954,372.2342,361.3867,428.0749,160.1608,118.6553,138.6845,0.2877,29.8785,4.3736,17520.4148,93.0722,2.4022,3722.2841,0,117538382.5,2561072,2260.6368,14474157.5,2157.7519,17487612.5,-49.998,1.1
90.4,5.7972,236.3564,333.5805,52.0509,39.9525,0,45.0578,374.7649,362.6669,428.9925,160.3571,118.8864,138.9105,0.2906,31.0547,4.2045,17976.911,93.0065,2.2748,3498.5412,0,117361507.5,2561072,2100.6785,14376877,2118.9642,17387441.75,-50.5112,0.9
91,5.7986,225.4497,335.7044,30.5154,39.8861,0,45.0326,367.6974,357.6147,424.4774,156.3858,116.1123,135.3565,0.2826,30.0984,4.3011,16818.2605,93.3235,2.3954,3516.5809,0,117104680,2561072,1595.8175,14209147.75,2094.259,17233066,-51.2809,1.2
90.6,5.768,230.6566,333.5734,46.8513,40.0832,0,45.0072,372.0421,364.0095,430.0914,158.9438,118.7677,137.8798,0.2836,31.6606,4.1256,18433.3893,93.1181,2.4111,3558.2915,0,116933945,2561072,2735.9867,14092011.75,2117.2459,17131376.25,-51.7941,1.4
90.5,5.7736,231.0959,329.6557,38.142,40.0211,0,45.0113,371.9667,364.1778,430.3218,158.6826,118.6288,137.5726,0.2831,31.9108,4.0889,18404.7698,92.8484,2.3599,3516.7758,0,116763415,2561072,2819.1362,13969839.25,2044.3878,17028603.75,-52.3073,1.3
90.1,5.7731,227.9972,332.1928,31.4888,39.9519,0,44.9988,370.3681,362.8971,428.7407,158.5849,118.8539,137.6908,0.2812,32.198,4.0241,18928.9663,93.0755,2.2968,3531.8901,0,116508477.5,2561072,2492.6246,13818492.25,2069.6311,16880224.5,-53.0771,1
90.4,5.7637,242.3332,344.4281,33.9392,39.9976,0,44.9887,369.4966,361.5979,427.2975,159.7737,119.8999,138.6281,0.2864,32.2806,4.1356,19161.951,92.9828,2.3715,3495.6825,0,116339537.5,2561072,2010.837,13715573.5,2392.1347,16778246.5,-53.5903,1.3
90.4,5.7623,238.0813,338.1041,43.1319,39.986,0,45.0079,371.2162,363.3648,428.4096,159.7001,119.8043,138.3821,0.28,32.1708,4.0018,18742.505,92.937,2.3477,3489.1072,0,116169497.5,2561072,1790.2613,13632420.5,2449.0912,16662815.75,-54.1034,1.3
90.5,5.7716,237.4089,330.979,34.4574,39.9856,0,44.986,371.7114,363.4109,428.322,160.7555,121.0782,139.8516,0.2789,32.4513,3.96,900.3457,92.6494,2.3121,3484.9296,0,115915272.5,2561072,1895.4853,13510634.75,2223.2219,16487047.25,-54.8732,1.3
90.5,5.776,233.3047,325.4127,49.237,40.0135,0,45.0009,371.8902,364.1879,428.8559,159.6026,120.216,138.7155,0.2769,32.4021,3.9105,-2535.3193,92.6935,2.2999,3550.8396,0,115746000,2561072,1915.7203,13424105.75,2329.7946,16371520.75,-55.3864,1.3
90.4,5.7828,230.5097,328.5059,42.0767,40.0909,0,45.0069,370.8021,364.4178,428.9935,158.3581,119.6641,137.673,0.2768,32.628,3.8784,17949.8405,92.7931,2.3212,3443.4574,0,115577545,2561072,1711.7808,13339583.5,2671.3688,16252382.25,-55.8996,1.3
90.3,5.785,244.1912,340.7409,51.672,39.9961,0,45.0124,369.6708,362.1495,425.9155,160.1132,120.9029,138.9901,0.2868,31.9003,4.1921,17700.1505,92.7831,2.2777,3486.905,0,115322680,2561072,1563.645,13209273.75,2637.3909,16072547.25,-56.6693,1.3
89.7,5.7836,242.6809,342.1627,45.6844,40.0032,0,44.9967,368.2728,362.191,427.0713,157.6008,119.3045,137.2861,0.2854,30.7591,4.2806,94.4363,92.9268,2.2697,4773.3898,0,114978790,2561072,1906.9828,13036484.25,2532.3527,15831449.75,-57.6957,1.1
90.5,5.8011,246.0083,347.85,54.6502,39.9656,0,44.9773,365.3804,361.7279,425.3521,156.2291,119.92,136.5796,0.2833,26.7743,5.1167,90.5409,92.8801,2.2767,5577.2822,0,110727192.5,2561072,1709.9495,11505515,2720.6407,13922749,-65.65,1.3
90.4,5.8014,246.1766,347.7245,54.6648,39.954,0,44.9755,365.489,361.935,425.4554,156.1661,119.9516,136.5729,0.2832,26.4349,5.1797,90.3062,92.8731,2.27,5588.5574,0,110452267.5,2561072,1689.3864,11406460.75,2732.1888,13799495.75,-66.1632,1.3
90.3,5.8016,246.3448,347.599,54.6794,39.9424,0,44.9737,365.5977,362.142,425.5587,156.1032,119.9833,136.5662,0.2831,26.0956,5.2427,90.0716,92.8661,2.2632,5599.8326,0,110177342.5,2561072,1668.8234,11307406.75,2743.7371,13676242.5,-66.6764,1.2
90,5.802,246.5973,347.4108,54.7013,39.9249,0,44.9711,365.7606,362.4526,425.7137,156.0088,120.0308,136.5562,0.2829,25.5865,5.3372,89.7196,92.8557,2.2531,5616.7454,0,109764960,2561072,1637.9788,11158826,2761.0593,13491362.5,-67.4462,1.1
90.2,5.8023,246.7655,347.2853,54.7158,39.9133,0,44.9693,365.8693,362.6597,425.8169,155.9459,120.0625,136.5495,0.2828,25.2471,5.4001,89.4849,92.8487,2.2463,5628.0206,0,109490032.5,2561072,1617.4157,11059771.25,2772.6074,13368109,-67.9593,1.1
90.2,5.8026,246.9338,347.1598,54.7304,39.9017,0,44.9675,365.9779,362.8667,425.9202,155.883,120.0941,136.5428,0.2826,24.9077,5.4631,89.2502,92.8417,2.2396,5639.2958,0,109215110,2561072,1596.8526,10960717.25,2784.1556,13244855.75,-68.4725,1.1
90.3,5.803,247.1862,346.9716,54.7523,39.8843,0,44.9648,366.1409,363.1773,426.0752,155.7886,120.1416,136.5327,0.2824,24.3986,5.5576,88.8983,92.8312,2.2295,5656.2086,0,108802727.5,2561072,1566.008,10812136.5,2801.4778,13059975.5,-69.2423,1.2
90.6,5.8033,247.3545,346.8461,54.7669,39.8726,0,44.963,366.2496,363.3844,426.1785,155.7257,120.1733,136.526,0.2823,24.0592,5.6206,88.6636,92.8242,2.2227,5667.4837,0,108527807.5,2561072,1545.445,10713082.25,2813.026,12936722.5,-69.7555,1.2
90.5,5.8035,247.5228,346.7207,54.7815,39.861,0,44.9612,366.3582,363.5915,426.2818,155.6628,120.2049,136.5193,0.2822,23.7199,5.6836,88.4289,92.8172,2.2159,5678.7589,0,108252885,2561072,1524.8819,10614028.25,2824.5743,12813468.75,-70.2687,1.3
90.1,5.8039,247.7752,346.5324,54.8034,39.8436,0,44.9586,366.5212,363.9021,426.4367,155.5684,120.2524,136.5093,0.282,23.2108,5.7781,88.0769,92.8068,2.2058,5695.6716,0,107840500,2561072,1494.0373,10465447.25,2841.8965,12628588.75,-71.0384,1
90.1,5.8042,247.9435,346.407,54.818,39.832,0,44.9568,366.6298,364.1091,426.54,155.5054,120.2841,136.5026,0.2818,22.8714,5.841,87.8423,92.7998,2.1991,5706.9468,0,107565580,2561072,1473.4742,10366393.25,2853.4447,12505335.25,-71.5516,0.7
89.9,5.8045,248.1118,346.2815,54.8326,39.8204,0,44.955,366.7385,364.3162,426.6433,155.4425,120.3158,136.4959,0.2817,22.532,5.904,87.6076,92.7928,2.1923,5718.2221,0,107290657.5,2561072,1452.9111,10267339.25,2864.9928,12382082.25,-72.0648,1.1
90.4,5.7818,244.333,344.4681,36.1232,40.0084,0,44.9594,366.1318,363.9409,427.0082,155.4782,120.4386,136.5895,0.2837,22.0305,6.1566,87.7361,92.7698,2.2336,5628.9287,0,106883550,2561072,2739.0361,10086623.75,2700.0663,12185690.5,-72.8346,1.1
91.4,5.7895,251.3761,352.4577,38,40.0122,0,45.0482,368.3108,365.285,428.6955,156.4355,120.9399,137.3624,0.2874,22.0291,6.2046,87.3924,92.7734,2.2481,5641.7971,0,106612405,2561072,2528.0807,9959959.625,2565.807,12056805,-73.3478,1.3
90.7,5.7083,249.6302,348.1773,54.5039,39.9895,0,44.9453,361.244,358.4066,421.718,153.7754,119.615,135.3628,0.2855,22.4787,6.0674,89.0985,92.7491,2.3689,5641.3675,0,106340200,2561072,4136.3188,9841203.725,2809.8877,11924380,-73.8609,1.1
90.6,5.7961,247.8987,347.7897,36.7816,40.0208,0,44.998,366.2223,363.5683,426.8621,155.2201,120.1558,136.4381,0.2923,22.1616,6.3026,88.5105,92.7461,2.249,5742.457,0,105933480,2561072,2713.1843,9651028.85,2703.5397,11724710.75,-74.6307,1.3
90.4,5.7997,243.2681,348.0489,54.4489,40.0419,0,44.9944,366.1702,363.8851,427.1383,155.4796,120.4369,136.6497,0.291,22.4785,6.1711,89.7313,92.729,2.2621,5673.2946,0,105662745,2561072,2909.7425,9525680.2,2408.0024,11591831.25,-75.1439,1.2
90.5,5.7998,244.0923,343.5082,40.9012,40.0117,0,45.0106,364.1739,362.8004,424.5346,156.7677,122.4539,138.3509,0.2866,22.293,6.0752,88.2663,92.7592,2.3865,5695.7186,0,105390002.5,2561072,2739.4043,9405890.7,2565.4115,11463263.5,-75.6571,1.3
90.2,5.7984,244.4299,341.824,36.8121,40.0143,0,45.0012,365.9169,364.1593,426.3983,155.3035,121.1074,136.8773,0.2863,23.6019,5.7023,87.1267,92.7744,2.2712,5536.7643,0,104981030,2561072,2761.2349,9228354.875,2429.1695,11271455,-76.4268,1.2
90.1,5.7978,239.7499,335.1548,34.722,40.0112,0,45.0025,365.4119,363.9157,426.1087,154.4563,120.2841,136.1525,0.2819,23.5494,5.6339,86.9015,92.6919,2.2643,5694.0454,0,104711412.5,2561072,2894.8578,9093424.775,2401.4181,11155681,-76.94,1.1
90.4,5.8008,253.4776,350.1247,50.0597,39.9144,0,44.9996,369.5701,365.3558,428.4773,157.0623,122.0507,138.3962,0.29,23.5242,5.7699,87.1966,92.6902,2.2677,4753.3835,0,104459742.5,2561072,2638.187,8952925.9,2422.6721,11043577.5,-77.4532,1.3
89.9,5.8015,246.0119,339.7188,40.9417,39.9843,0,45.0059,367.0191,365.1711,427.2134,155.1022,121.1038,136.9467,0.2833,23.8895,5.5563,86.3231,92.6021,2.244,4953.6562,0,104109285,2561072,2823.2622,8764582.875,2438.8019,10870482.25,-78.223,1.3
89.8,5.8026,247.2099,342.1722,40.6038,39.9949,0,45.0009,365.6221,363.4181,425.5518,156.556,122.9261,138.3384,0.289,24.041,5.6436,87.1294,92.6418,2.2383,5786.958,0,103875295,2561072,2696.1558,8630495.775,2379.3848,10758284.75,-78.7362,1.2
90,5.802,258.6036,367.8083,51.3324,39.9018,0,44.897,367.5517,365.6658,428.1697,155.3741,121.2115,137.0056,0.2893,23.9327,5.6657,87.1425,92.7004,2.2216,5094.9668,0,103600840,2561072,2659.028,8506656.7,2146.8065,10651318.75,-79.2493,1.2
90.3,5.7984,252.5821,348.1539,45.3408,40.0188,0,45.0031,366.5699,364.656,426.2153,155.9392,122.3333,137.7233,0.2841,23.7473,5.5921,86.6939,92.6366,2.3388,6129.7419,0,103218587.5,2561072,2197.8897,8335430.075,2764.934,10461558.75,-80.0191,1.3
90.5,5.7895,249.8296,347.4035,35.5343,40.0443,0,45.0072,362.7634,362.1362,423.7711,154.9953,121.6529,136.9104,0.2833,23.9474,5.6554,86.502,92.6509,2.3114,3928.5437,0,102980220,2561072,2222.4602,8225363.675,2880.4673,10328050.5,-80.5323,1.2
90.2,5.7685,257.3266,354.8262,44.831,40.0038,0,45.0088,366.0677,364.9912,426.206,155.8251,122.2374,137.4842,0.2825,22.8666,5.868,86.5072,92.6559,2.2604,4136.6913,0,102788637.5,2561072,2172.5727,8117122.65,2647.5946,10202247.25,-81.0455,1.2
90.3,5.7736,260.3259,362.1366,45.7809,39.998,0,45.0076,365.0191,363.6534,425.627,155.3414,122.053,137.3254,0.287,22.9653,5.9497,86.7377,92.7713,2.2547,3942.5025,0,102497917.5,2561072,2288.3755,7962948.675,2676.0657,9998354.625,-81.8152,1.2
90.1,5.78,253.5698,351.3479,43.7024,40.0031,0,45.0075,364.7817,363.8936,425.4291,154.6793,121.592,136.7445,0.2821,23.1829,5.7774,86.2718,92.69,2.2743,4016.0413,0,102305700,2561071,2242.6389,7852996.225,2807.4983,9864892.45,-82.3284,1.2
89.9,5.7806,263.4229,361.2309,43.2479,40.0356,0,44.9891,364.5206,363.33,425.2443,156.1246,123.2747,138.2282,0.289,23.0958,5.9627,86.7168,92.6115,2.2536,4185.4481,0,102112987.5,2561071,2129.9179,7746926.95,2741.7884,9731510.425,-82.8416,1.3
90.3,5.7846,255.3379,350.011,43.1008,40.0249,0,44.9931,364.9448,362.8701,424.7691,155.142,122.1561,137.4349,0.291,22.952,5.8999,86.0973,92.5082,2.2495,0,0,101817200,2561008,2193.5605,7596722.075,2744.6287,9532695.8,-83.6114,1.2
90.3,5.7942,257.2113,353.4066,43.3198,40.0459,0,44.9914,367.0333,364.433,426.7492,155.0911,122.0943,137.2878,0.2881,23.2276,5.7105,85.6103,92.5636,2.2851,0,0,101817200,2561005,1896.9496,7497054.125,2843.0594,9398916.375,-84.1246,1.2
89.7,5.8063,256.4001,354.0398,57.3495,40.0745,0,44.9203,367.2397,363.0907,426.177,155.703,122.0419,137.3168,0.2944,23.5564,5.7936,85.5036,92.669,2.3026,0,0,101791900,2560563.575,1406.7493,7400555.025,2926.149,9262155.3,-84.6378,1.4
89.7,5.7953,247.8172,340.8439,55.7197,40.0086,0,45.0436,366.4638,362.0841,425.2991,153.9943,121.1523,136.5152,0.2886,23.429,5.6213,84.5975,92.7345,2.4085,0,0,101791900,2560436,2166.134,7249981.275,2560.8747,9057262.275,-85.4075,0.7
89.7,5.7974,247.1215,336.8717,43.3955,40.0043,0,45.0056,365.5819,361.9638,424.636,153.3899,120.8238,136.0865,0.2849,21.5517,6.0687,85.1395,92.5071,2.2888,0,0,101791900,2560351,2402.8132,7165380.75,2631.307,8924884.05,-85.9207,1.2
89.4,5.8034,259.2324,355.9814,45.0051,40.0263,0,45.0059,366.8628,363.7461,425.6758,154.5461,121.6792,137.0747,0.2896,21.8109,6.1666,85.5044,92.7152,2.3649,0,69.5772,101791900,2557744,1824.3634,7074648.025,2719.6569,8788961.125,-86.4339,1.2
89.6,5.7991,250.1241,336.0493,41.704,39.992,0,45.0117,364.246,361.8474,423.5796,152.1994,119.7095,134.9829,0.285,22.0068,5.9923,85.0315,92.4866,2.2892,0,79.7602,101791900,2552722.225,2264.2669,6931118.525,2786.0977,8585310.55,-87.2037,1.3
89.3,5.8003,263.3434,362.0859,42.1054,39.9849,0,45.036,366.931,365.1503,427.3434,152.8466,120.0523,135.1013,0.2927,22.3202,6.1252,85.1445,92.6695,2.3065,0,81.0669,101791900,2548731.45,1771.0035,6839222.5,2760.6897,8451292.05,-87.7168,1.3
89.8,5.8003,257.9926,350.9039,48.8464,40.0255,0,44.9988,367.9523,366.0231,427.6393,153.3648,120.9804,136.0932,0.2868,22.2519,5.9632,84.566,92.6658,2.3189,0,66.0656,101791900,2545049.95,1995.6228,6747361.7,2622.2789,8323390.075,-88.23,0.8
89.7,5.8006,242.247,330.3978,33.2045,40.0178,0,45,368.5515,364.6499,427.0771,151.1818,118.2193,133.4295,0.2834,22.4449,5.7671,83.4277,92.6132,2.3356,0,114.1463,101791900,2538257.875,2203.3332,6617548.05,2810.673,8113544.825,-88.9998,1.3
90,5.8018,261.2705,353.281,44.4647,39.9879,0,45.0088,364.5342,362.8753,424.7466,153.1159,120.8691,135.8386,0.2966,22.4002,6.2335,84.9097,92.5777,2.343,0,118.7,101791900,2532518.025,2177.9554,6520787.775,2913.4673,7974891.675,-89.513,1.3
89.7,5.8031,259.2191,351.6348,42.1273,39.9761,0,44.992,365.1138,363.1457,425.5229,153.237,120.8943,135.7537,0.2964,22.6225,6.178,84.6409,92.6399,2.337,0,118.9022,101791900,2526717.775,1923.9722,6420515.675,2953.3713,7846776.1,-90.0262,1.2
89.4,5.8043,259.7995,345.8758,41.2372,39.9934,0,44.9943,364.6358,364.2594,425.1674,152.3794,120.5368,135.2595,0.285,22.6753,5.8978,83.9243,92.4673,2.3019,4691.2236,120.6169,101782497.5,2517896.8,1757.4935,6276167.775,2947.0094,7648959.3,-90.7959,1.3
90,5.8047,256.1815,348.578,41.7952,40.0049,0,45.0008,362.3203,361.96,422.9562,153.7093,122.28,136.5865,0.2872,23.1857,5.8466,83.8937,92.6942,2.3776,4720.0243,118.2199,101553660,2512046.275,1628.6571,6187695.625,2890.4831,7516913.175,-91.3091,1.3
89.9,5.8045,261.3751,353.9604,46.7249,39.9906,0,44.999,362.9584,362.6538,423.2833,154.4927,122.8864,137.5564,0.2915,22.9456,6.0424,84.6021,92.6976,2.3161,5788.8346,132.5735,101291960,2505961.35,1861.2873,6103092.525,2932.567,7381751.65,-91.8223,1.1
90,5.8075,244.7956,335.6006,37.9191,39.9984,0,44.9876,365.2346,364.6103,425.6345,154.8838,123.8386,137.8385,0.2843,23.0991,5.7853,83.2757,92.5726,2.2991,6177.3251,122.9586,100875615,2496612.45,1904.6817,5967568.15,3104.5648,7181337.8,-92.5921,1.3
89.5,5.7887,262.7899,357.2549,45.121,40.0407,0,44.9956,362.5102,361.8494,423.088,154.4032,123.5757,137.716,0.2964,22.8616,6.2411,84.1879,92.5502,2.3527,8083.0039,110.1696,100511882.5,2491118.625,2504.3865,5859339.725,2638.0754,7049882.85,-93.1052,1.1
89.2,5.7699,260.2807,353.5468,33.864,39.9326,0,45.0021,362.1215,361.5665,422.154,155.1554,124.4341,138.4472,0.2954,21.9887,6.4756,84.5085,92.5672,2.3677,7911.0309,97.3336,100129117.5,2485824.15,2095.8151,5755842.725,2961.9435,6919090.35,-93.6184,1.1
89.9,5.7914,258.0418,357.108,38.7957,39.9624,0,44.9896,361.6822,362.4111,422.0028,154.3401,124.1769,138.0227,0.2857,22.4189,6.0927,83.48,92.8134,2.3673,8229.731,199.1153,99537995,2482019.25,1887.7429,5608772.25,2658.5983,6716106.55,-94.3882,1.2
89.9,5.7769,243.627,329.0413,43.1,40.009,0,44.9968,365.0971,363.6713,424.894,153.4333,123.1204,136.8127,0.2769,22.1197,5.7986,82.2897,92.5097,2.4234,0,185.8552,99407220,2472678.45,1999.7325,5515069.25,2876.7804,6579126.875,-94.9014,1.1
89.6,5.7828,265.2294,354.5327,47.8164,40.0229,0,44.9908,358.4001,360.2724,419.7298,154.9778,125.2531,138.8267,0.2885,22.3933,6.2348,83.9777,92.5439,2.3435,0,182.69,99407220,2463930.975,2115.4995,5421143.825,2695.0646,6445574.6,-95.4146,1.1
89.4,5.8021,259.4496,348.6963,47.7335,39.7099,0,44.9835,363.27,363.6585,423.1068,155.3681,125.5135,138.9931,0.2816,21.7054,6.1084,83.216,92.6098,2.3633,713.253,193.0923,99307951,2450686.85,1293.4966,5298983.325,2896.8012,6248344.6,-96.1843,1
89,5.8046,258.0054,347.0448,39.2165,39.766,0,44.8934,362.1132,362.8923,422.7052,152.5859,122.7177,136.3589,0.2823,21.9965,5.98,82.7522,92.6344,2.3609,2017.418,191.8933,99126434.5,2442067.5,1747.1428,5224121.15,2871.849,6116546.975,-96.6975,1.1
89.3,5.8071,256.5611,345.3932,30.6994,39.8221,0,44.8033,360.9564,362.1262,422.3037,149.8038,119.922,133.7246,0.283,22.2876,5.8516,82.2884,92.6591,2.3586,3321.5832,190.6942,98944916.75,2433448,2200.7891,5149259,2846.8966,5984749.325,-97.2107,1.1
89.3,5.8108,254.3947,342.9159,17.9239,39.9063,0,44.6682,359.2212,360.977,421.7015,145.6305,115.7284,129.7732,0.2841,22.7243,5.6589,81.5928,92.696,2.355,5277.8309,188.8956,98672640.75,2420518.825,2881.2584,5036966,2809.468,5787052.9,-97.9805,1.3
89.3,5.8133,252.9505,341.2643,9.4069,39.9624,0,44.5781,358.0644,360.2108,421.2999,142.8484,112.9327,127.139,0.2848,23.0154,5.5305,81.129,92.7206,2.3526,6581.996,187.6966,98491123,2411899.475,3334.9047,4962103.95,2784.5152,5655255.25,-98.4937,1.1
88.7,5.8158,251.5062,339.6127,0.8899,40.0185,0,44.488,356.9076,359.4447,420.8984,140.0662,110.137,124.5047,0.2855,23.3065,5.4021,80.6653,92.7452,2.3502,7886.1611,186.4975,98309605.5,2403279.975,3788.551,4887241.8,2759.563,5523457.625,-99.0068,1.2
89,5.7703,253.9156,343.5559,27.0627,39.8078,0,45.1241,359.1756,363.7681,425.2279,140.7665,109.6377,124.3989,0.2804,22.6191,5.5676,81.7856,92.6835,2.3357,7871.7243,164.732,97760577.5,2390485.7,2043.2149,4761177.7,2459.4059,5323706.6,-99.7766,1.3
89,5.7696,248.1147,336.6532,36.1121,39.9542,0,45.2022,358.7989,362.8573,423.6943,141.1139,109.8432,124.5547,0.2802,22.7313,5.5395,82.0699,92.7475,2.2129,8582.4747,142.7036,97360144.75,2383390.625,1595.2736,4676557.425,2777.7681,5201021.375,-100.2898,1.1
89.1,5.779,252.2438,342.7793,32.5646,39.8413,0,45.244,363.1071,366.0325,427.7145,141.2016,109.7289,124.6108,0.284,23.226,5.4259,81.9699,92.8009,2.2523,8563.2799,142.4742,96948671,2376544.1,1517.4957,4600520.025,2764.8247,5064847.2,-100.803,1.2
88.6,5.7949,236.2945,326.1385,40.4604,40.0097,0,45.0778,356.2849,359.1966,419.6666,137.4171,106.1702,121.3673,0.2818,24.4154,5.1596,81.5752,93.0868,2.2329,8011.3918,143.9418,96345176.25,2366309.75,1874.5141,4472292.075,2762.9502,4867454.625,-101.5727,0.6
89.7,5.7879,250.8491,347.8218,34.3127,39.9076,198.9441,46.2416,359.192,361.0103,419.8497,155.0019,125.0338,138.6162,0.2874,23.5965,5.8766,81.806,92.9702,2.6528,7325.4717,141.5867,95978139.75,2359376.425,1704.6584,4367671.8,2693.7166,4746444.3,-102.0859,1.1
90,5.7979,245.0082,331.9776,31.655,39.9624,261.9165,40.159,361.7941,363.2336,423.1529,154.2399,124.2934,138.1567,0.2896,24.0634,5.6888,81.5878,92.7697,2.3946,8015.3173,142.9366,95630074.25,2352524.5,2357.986,4268394.8,2480.8051,4618146.15,-102.5991,1.1
90,5.8044,265.9429,359.3704,31.8742,40.0322,103.1046,39.3483,366.7799,366.7347,426.8341,155.6659,125.0697,139.1627,0.2974,24.7622,5.5586,81.9528,92.5799,2.5797,8980.5308,142.502,95044961,2342282.85,1629.3719,4123995.225,2855.2009,4422826.7,-103.3689,1.3
89.8,5.7856,268.8058,362.7315,40.2011,39.8823,100.5439,39.7866,361.0673,362.316,421.9539,154.5371,124.798,138.4858,0.2926,22.3905,6.0993,81.8163,92.544,2.5865,6391.5819,141.7187,94666904.75,2335393.45,1767.506,4031313.9,2549.8024,4298139.35,-103.8821,1.1
89.7,5.8007,257.9801,361.1771,47.2241,39.9959,29.2773,39.7334,361.95,364.1817,423.8903,153.6205,123.9438,137.5651,0.2881,22.3018,5.9926,81.4083,92.8305,2.4968,7488.0576,140.9763,94350096.75,2328541.25,1958.0771,3947766.95,2531.7863,4169385.15,-104.3952,1.1
89.9,5.3068,256.4447,358.2457,196.9013,40.3037,116.425,46.0121,364.793,366.8315,426.3225,152.666,123.3363,141.4363,0.2846,23.263,5.6181,81.2526,92.7921,2.4538,5036.5956,143.0223,93851393.5,2318225.9,4144.7494,3789895.65,192.4615,3987325.1,-105.165,1.2
89.8,5.7655,246.3747,336.8117,48.7436,44.9761,263.7569,41.7642,357.812,360.4285,419.4648,151.8344,122.8251,136.2609,0.2884,23.5653,5.7141,81.5636,92.6001,2.6159,9697.865,142.3894,93409962,2311355.2,2827.7903,3675311.325,2309.7093,3877716.6,-105.6782,1.1
90.3,5.7971,250.639,345.3954,58.1093,44.9303,31.24,46.404,362.1562,364.5483,423.4663,152.4715,123.1097,136.5958,0.2858,24.406,5.3995,81.4283,92.6012,2.8409,9624.6266,140.3838,92938911,2304504.875,2275.9286,3558968.525,2417.5033,3760403.975,-106.1914,1.2
89.8,5.7967,248.1713,353.2641,60.1372,45.0579,250.8364,44.3788,362.4255,364.7277,423.7952,154.0653,124.8272,138.1584,0.2935,23.9512,5.6156,81.506,92.9365,2.9168,11320.4568,141.8907,92242739.75,2294230.675,2165.5606,3403010.25,2502.0179,3587758.725,-106.9612,1.1
90.4,5.8043,237.5166,334.5946,31.515,45.0276,9.6601,48.5102,363.7234,365.8027,425.9075,151.5782,122.4828,135.5984,0.2853,24.675,5.2045,80.7577,92.8057,2.7526,8145.5811,142.1511,91829932.5,2287347.125,2334.7878,3296502.15,2520.2322,3471070.3,-107.4743,1.3
90.3,5.8059,249.0994,351.7469,36.9749,45.2224,16.9507,48.8666,362.758,364.3984,423.8131,155.915,126.9081,140.0492,0.296,24.649,5.5044,81.4604,92.9551,2.9192,8417.1087,141.476,91669075.5,2284577.775,2162.7883,3253918.4,2248.3904,3425482.55,-107.6817,1.6
90,5.7802,236.6906,333.9132,56.1558,42.9947,130.6701,42.0126,368.1378,370.1799,430.0264,153.8999,124.3586,137.888,0.2838,25.2812,5.0892,80.6314,92.7661,2.8565,8111.0381,146.0699,91438365.25,2280467.525,2690.8281,3183512.85,2261.6296,3357317.45,-107.9875,1.1
90.7,5.7896,262.1187,355.5859,46.054,44.9746,0,45.2746,361.6012,364.5408,423.9521,152.1593,123.5964,136.5235,0.2842,22.5568,5.758,80.4297,92.5819,3.1994,7954.9659,146.3712,90852380.5,2269925.325,1797.2682,3004908.45,2470.0332,3184897.4,-108.7573,1.2
90.8,5.7994,256.1315,350.9017,58.8928,45.0001,2.4844,46.5851,361.4843,363.4575,422.6835,152.529,124.0439,137.0987,0.2852,21.5674,5.9705,80.5501,92.6975,3.4898,8732.0018,146.988,90450606,2262814.075,1644.6598,2929399.725,2408.9889,3070111.25,-109.2705,1.1
90.1,5.7678,255.0803,357.4405,56.6998,44.9946,71.9315,45.2473,364.7896,366.564,426.4525,152.7938,123.9698,137.03,0.2945,21.6951,6.1892,80.6687,92.7907,3.4717,8361.9866,146.4837,90036734.5,2255745.225,2180.0429,2835041.5,2380.1044,2952039.125,-109.7837,1
90,5.773,248.7443,345.2345,52.9583,44.9989,28.6249,44.6939,365.346,367.8129,427.6148,153.2675,124.8628,137.6975,0.2867,22.1607,5.8515,80.1104,92.8152,2.918,8424.7391,145.9479,89430377,2245043.125,2411.2885,2674818,2330.335,2782151.55,-110.5534,1.3
89.4,5.7958,246.7532,352.9364,44.7228,45.0009,12.1229,49.91,364.0531,367.1016,426.983,153.5107,125.5011,137.9446,0.2872,22.4155,5.818,80.17,92.9828,2.7676,7772.6964,147.836,89039031.25,2237962.55,1964.9285,2560704.1,2434.0139,2672689.475,-111.0666,1.1
90.1,5.8037,240.2974,337.4407,55.7678,46.0282,7.9866,46.8234,365.5105,367.3801,426.8752,151.9483,123.7687,136.3339,0.2852,22.4499,5.5942,79.5244,92.7476,3.0565,7699.8047,149.3999,88666769.5,2230856.4,2032.9503,2458839.525,2491.9861,2559709.15,-111.5798,1.3
89.8,5.8049,247.8349,347.4243,38.9455,44.9374,223.4457,42.6942,361.6882,364.947,423.9067,151.085,123.7188,135.8079,0.2879,23.0366,5.5088,79.9089,92.7406,3.1848,0,147.1523,88491660,2220116.55,1495.9927,2326424.7,2546.1595,2387435.45,-112.3496,1.2
90.1,5.7886,245.9867,343.3976,49.5465,44.8887,224.3534,43.115,363.5605,366.8069,426.1576,151.4517,123.7682,136.3353,0.2865,22.6115,5.6083,79.6672,92.8598,2.8134,10145.5665,144.5196,88414445.5,2212963.9,1820.9608,2241460.8,2521.71,2271750,-112.8627,1.1
90.3,5.7997,243.8071,349.601,47.2221,42.4255,154.1037,82.3965,362.7135,366.3398,425.8076,150.9231,123.4619,135.7045,0.2878,23.0072,5.5079,79.8365,93.045,2.8948,10013.8648,147.1657,87939278.25,2205865.275,1943.6912,2149491.8,2501.8542,2154163.85,-113.3759,1.2
89.9,5.7984,254.2072,354.1189,50.1401,45.0145,65.1085,46.4015,360.9711,364.8058,425.2465,149.2956,122.1575,134.4135,0.2861,21.4566,5.9039,79.2809,92.8226,3.5588,8111.3578,148.4523,87323802.25,2195125.7,1791.203,2022530.475,2422.444,1980771.75,-114.1457,1.2
90.4,5.7648,250.8474,353.2266,47.73,41.5168,0,40.1455,362.2176,365.6252,425.5413,151.6104,124.581,136.6801,0.2987,20.002,6.5834,79.8104,92.9415,2.9003,9092.1642,148.169,86901517.5,2187740.925,2195.0219,1942106.675,2294.3629,1863378.075,-114.6589,1.2
89.5,5.7979,253.0143,353.956,25.7872,44.8582,7.6718,41.8534,360.6715,363.5951,422.3704,152.9047,126.3677,137.7788,0.2964,20.7704,6.3308,79.67,92.8128,2.665,8132.8496,148.8771,86461441.5,2180608.9,146958.1025,1858943.75,2135.0081,1746316.5,-115.1721,1.1
89.7,5.8073,245.8198,344.6595,35.0882,49.9434,56.0224,57.3287,360.5019,363.6463,423.7988,151.3031,124.9007,137.0067,0.2954,21.0702,6.2469,79.2606,92.8567,2.9571,8189.3843,149.8468,85870911.75,2169680.75,900207.4675,1786583.75,-155.7732,1560556.5,-115.9418,1.1
89.7,5.805,253.9699,356.3451,57.2137,42.9546,48.267,42.3753,362.8968,365.7712,426.0061,150.6856,123.8314,136.4026,0.2962,19.7084,6.684,79.6298,92.8175,2.8626,8112.0333,150.62,85477423.75,2162454.875,1402373.825,1738343.75,-1682.9607,1436716.5,-116.455,1.3
89.8,5.7905,253.6895,357.6583,58.8399,44.9503,0,47.7432,364.4303,367.2637,427.2148,149.9798,122.7258,135.6352,0.2961,19.841,6.6376,79.4764,92.7872,2.7451,8099.3052,150.135,85086022.25,2155062,1904540,1690103.75,-3210.1482,1312876.5,-116.9682,1.1
89.5,5.7979,249.6096,350.6385,28.2376,44.9493,0,41.7661,358.5931,361.7737,421.2946,148.9729,122.793,135.2297,0.292,20.084,6.5472,79.3774,92.8681,2.6257,8421.9971,148.5391,84487938.5,2143836.4,2657789.45,1617743.75,-5500.9292,1127116.5,-117.738,1.3
89.2,5.802,254.1447,349.0544,53.4237,45.1622,402.6379,69.6889,363.4113,365.7317,426.7655,150.6756,124.3345,136.6465,0.2953,19.6655,6.6902,79.3985,92.5771,3.4546,8328.9748,150.4416,84087479.25,2136687.475,3159955.75,1569503.75,-7028.1167,1003276.5,-118.2512,1.1
89.2,5.7803,246.2108,353.3261,76.6061,44.8559,70.8968,49.1413,363.7193,366.5897,426.6919,149.7274,123.0312,135.4224,0.2957,20.2986,6.482,79.4619,92.9594,2.7526,8457.8608,148.7484,83687113.25,2129270.425,3662122,1521263.75,-8555.3042,879436.8,-118.7643,1.3
89.4,5.786,252.2236,348.8673,53.3575,40.0084,3.6657,40.355,365.1662,367.7169,428.0948,149.6046,122.7361,135.5619,0.2953,20.4383,6.443,79.4417,92.6939,2.9358,8246.2093,150.0954,83087625.75,2118469.7,4415371.475,1448903.75,-10846.0855,693676.8,-119.5341,1.3
89.4,5.8,246.734,350.374,61.5472,41.9934,20.2376,45.4795,365.8194,368.1079,427.9933,150.0886,123.1237,135.7524,0.2963,20.8557,6.3118,79.1819,92.8036,3.174,7998.8024,149.534,82696129.75,2110959.45,4917537.75,1400663.75,-12373.2728,569836.8,-120.0473,1.3
89.9,5.8073,261.9082,359.391,2.7375,45.8165,6.4138,49.3097,364.1245,367.2666,427.3755,150.8245,124.2053,136.8113,0.2961,21.5581,6.1042,78.988,92.6329,2.6426,8379.9438,158.4092,82306629.25,2103369.35,5419704,1352423.75,-13900.4605,445996.8,-120.5605,1.3
